,run_id,created_at,instance,class_key,period,n_items,cap_mean,status_label,solver_version,objective,best_bound,gap,runtime_sec,run_batch
31,872772a1-fc4f-405a-bc82-14c2d73f7cd5,2025-09-27T06:43:45.720283+00:00,ins#2,X332HB12,40,30,2700.375,TIME_LIMIT,lefo_mip_v1,1743183.5952186442,798398.8699586326,0.5419880773611279,600.036838054657,11
43,68cccf23-1c1b-427b-8530-07ea9d7e2da0,2025-09-27T04:42:52.092957+00:00,ins#1,X332HB12,40,30,2333.4,TIME_LIMIT,lefo_mip_v1,1636269.4085737567,806608.8945271447,0.5070439560254201,600.0600368976593,11
29,a3b5aba3-b0d7-45b4-8cdd-0ae21952eb6a,2025-09-27T07:03:55.177709+00:00,ins#5,X332HB12,40,30,2691.275,TIME_LIMIT,lefo_mip_v1,1810654.0917150269,918054.0109875231,0.49297106764442516,600.0532231330872,11
23,af18b902-13da-4d86-a1ac-9fc54392d76d,2025-09-27T08:04:22.087259+00:00,ins#1,X332LB12,40,30,2270.9,TIME_LIMIT,lefo_mip_v1,1413210.1165039013,739740.8709660547,0.4765528053280019,600.0557408332825,11
9,bfcb3f57-3aa9-433c-9cb3-fd89ab9e4df2,2025-09-27T10:25:24.72008+00:00,ins#4,X332HB12,40,30,2711.875,TIME_LIMIT,lefo_mip_v1,1650452.481084096,871658.1742540522,0.4718671490126723,600.0585720539093,11
5,01b43e95-5bb3-45bc-95af-55aee736c0a4,2025-09-27T11:05:41.385324+00:00,ins#3,X332HB12,40,30,2686.125,TIME_LIMIT,lefo_mip_v1,1653120.9161422083,909927.4046215283,0.44956996446153935,600.048623085022,11
73,d27b053b-4ace-4bc7-9e94-b4d8dbae0cdc,2025-09-26T23:40:42.577893+00:00,ins#5,X331LB12,40,30,2860.275,TIME_LIMIT,lefo_mip_v1,1451577.8624094562,821624.6437247412,0.4339782487720386,600.0577321052551,11
21,93827f8c-b144-4032-8577-9dc098813ff0,2025-09-27T08:24:30.933993+00:00,ins#1,X331HB12,40,30,2508.25,TIME_LIMIT,lefo_mip_v1,1282011.452926022,732040.0898608009,0.42899099053287243,600.047856092453,11
15,4d770a4a-c229-4f90-b654-2f8b0de2781b,2025-09-27T09:24:56.947542+00:00,ins#1,X332HB8,40,30,2322.475,TIME_LIMIT,lefo_mip_v1,929623.1796928277,568622.998565573,0.3883295823653395,600.0752720832825,11
75,0c628bb6-a681-4ff4-84ac-715c95772bc3,2025-09-26T23:20:33.59008+00:00,ins#5,X332LB12,40,30,2638.1,TIME_LIMIT,lefo_mip_v1,1728538.3681119396,1087917.535506346,0.3706141815673641,600.0573260784149,11
13,de25e622-c53e-4f83-9b06-36bd1bd4b27e,2025-09-27T09:45:06.870886+00:00,ins#3,X332LB12,40,30,2640.925,TIME_LIMIT,lefo_mip_v1,1781389.2744210495,1133573.8690563508,0.3636574075451523,600.0508141517639,11
45,1ba96234-e9be-43aa-8aeb-83ce08c8b76d,2025-09-27T04:22:44.182606+00:00,ins#4,X331LB12,40,30,2884.45,TIME_LIMIT,lefo_mip_v1,1476552.6365504353,973889.6454250095,0.34043011991754085,600.233864068985,11
19,dfd05b00-da74-4e68-ba51-ff9cecdad53e,2025-09-27T08:44:39.184872+00:00,ins#4,X332LB12,40,30,2633.575,TIME_LIMIT,lefo_mip_v1,1755917.9952406262,1168244.4384333603,0.33468166417802026,600.054799079895,11
1,7914d492-6054-43e7-9234-07cf952a5548,2025-09-27T11:45:58.211014+00:00,ins#4,X331HB12,40,30,2908.9,TIME_LIMIT,lefo_mip_v1,1483530.6084975258,989034.0953474158,0.3333241055612064,600.053738117218,11
65,e3fb1390-07ad-437f-b11c-d766683c1d9b,2025-09-27T01:01:17.064458+00:00,ins#2,X331HB12,40,30,2989.625,TIME_LIMIT,lefo_mip_v1,1480613.0445667354,987795.8174118412,0.33284674139765186,600.051882982254,11
3,ad7278ff-9bb1-4817-8c43-0241c96ba4d4,2025-09-27T11:25:49.209792+00:00,ins#5,X331HB12,40,30,2962.725,TIME_LIMIT,lefo_mip_v1,1518826.7870148225,1013588.4129941976,0.33265042356386504,600.0596568584442,11
39,b91455be-0cb4-44e0-8f8c-04a07164da87,2025-09-27T05:23:10.482014+00:00,ins#1,X331LB12,40,30,2403.625,TIME_LIMIT,lefo_mip_v1,1200161.007108568,803023.7346580487,0.3309033288852666,600.0491969585419,11
63,945ddcbd-cdd8-4f55-b24f-e930718f2922,2025-09-27T01:21:25.597645+00:00,ins#3,X331HB12,40,30,2976.5,TIME_LIMIT,lefo_mip_v1,1464048.101113247,989515.3878912595,0.3241237175617097,600.0827810764313,11
11,262e5f14-ba7c-4af3-bf4a-65ac8cbf9254,2025-09-27T10:05:16.174427+00:00,ins#2,X331LB12,40,30,2876.9,TIME_LIMIT,lefo_mip_v1,1406781.1904067388,963064.4860143209,0.3154127361228986,600.0536451339722,11
67,61d0998f-3edb-49ea-86b2-c78181cf5802,2025-09-27T00:41:07.846394+00:00,ins#3,X331LB12,40,30,2839,TIME_LIMIT,lefo_mip_v1,1386745.441883415,951476.2256914064,0.3138782382445372,600.0514290332794,11
57,d1b332a4-8cb8-405b-8259-303a4de08b82,2025-09-27T02:21:50.430267+00:00,ins#1,X331LB8,40,30,2441.225,TIME_LIMIT,lefo_mip_v1,775386.1172607014,595838.1533028106,0.2315594256345486,600.0669260025024,11
53,db4a74fd-80db-4917-9825-5747464a321b,2025-09-27T03:02:08.500792+00:00,ins#2,X332HB8,40,30,2708.225,TIME_LIMIT,lefo_mip_v1,974716.5387379315,749959.1117904086,0.23058747647653552,600.0564370155334,11
55,9c608779-36ce-4380-91a6-6d5d7d139b50,2025-09-27T02:41:59.862323+00:00,ins#3,X332HB8,40,30,2713.6,TIME_LIMIT,lefo_mip_v1,960903.8365956389,740032.2659177157,0.2298581421637812,600.0577759742737,11
27,721534a9-2def-43d7-91aa-2a7517aa4c2c,2025-09-27T07:24:04.607857+00:00,ins#4,X332HB8,40,30,2709.7,TIME_LIMIT,lefo_mip_v1,953131.2918150587,747511.2878459737,0.21573103908646252,600.0529408454895,11
69,1fa77825-2cf5-4bf0-a251-c45e1f2c41df,2025-09-27T00:20:59.270302+00:00,ins#1,X332LB8,40,30,2267.3,TIME_LIMIT,lefo_mip_v1,783080.42868446,617566.018921102,0.21136323128572468,600.0498170852661,11
71,24f6dc72-864b-41f1-8b83-aa6aef17695a,2025-09-27T00:00:50.663646+00:00,ins#3,X332LB8,40,30,2647.85,TIME_LIMIT,lefo_mip_v1,870326.513612488,819976.2224258623,0.05785218581660277,600.0614478588104,11
77,c5b850da-e883-4a45-ae26-f5d2946cef6b,2025-09-26T23:00:25.06722+00:00,ins#2,X332LB8,40,30,2721.5,TIME_LIMIT,lefo_mip_v1,810296.3377450238,768601.6997470593,0.051456036582858876,600.050518989563,11
61,d63b3bfa-92a9-405a-8871-a1954e987d48,2025-09-27T01:41:33.740356+00:00,ins#5,X331LB8,40,30,2877.075,TIME_LIMIT,lefo_mip_v1,785925.0027336279,746588.70631902,0.05005095432488751,600.0513191223145,11
47,e7666d1b-0fef-42e7-8d8f-e09dfaed1fa8,2025-09-27T04:02:35.133956+00:00,ins#4,X331LB8,40,30,2874.325,TIME_LIMIT,lefo_mip_v1,775555.597347019,743993.5879864496,0.04069599841524595,600.0473618507385,11
59,ed09c2f0-1bf8-43b5-8b7c-ebba160b48fd,2025-09-27T02:01:41.846237+00:00,ins#1,X331HB8,40,30,2477.95,TIME_LIMIT,lefo_mip_v1,684690.5623564738,658814.1007784246,0.037792928661074386,600.0449359416962,11
25,966913c9-9b9b-4a6f-9194-63c3463112d7,2025-09-27T07:44:13.37676+00:00,ins#5,X332HB8,40,30,2750.175,TIME_LIMIT,lefo_mip_v1,827112.027161201,798013.6290696763,0.03518072175953688,600.0525550842285,11
30,8b01b040-08d7-4c78-8f83-9c04bf6bae61,2025-09-27T06:53:47.438598+00:00,ins#2,X332HB12,40,30,2700.375,TIME_LIMIT,lefo_mip_no_shelf_v1,1315537.7914807764,1272755.250283194,0.03252095186822883,600.0495989322662,11
28,0cdc18eb-0f93-4d7b-9615-9d6115f41020,2025-09-27T07:13:57.137352+00:00,ins#5,X332HB12,40,30,2691.275,TIME_LIMIT,lefo_mip_no_shelf_v1,1404181.891522441,1361396.4792553168,0.03046999290151471,600.0465359687805,11
10,5fe40877-672f-40e3-b2a2-508c3743ccc8,2025-09-27T10:15:17.533499+00:00,ins#2,X331LB12,40,30,2876.9,TIME_LIMIT,lefo_mip_no_shelf_v1,1073242.1549174024,1041102.1753337036,0.029946624288320383,600.0422050952911,11
49,4a419311-76f8-4940-9649-4c72ea800f93,2025-09-27T03:42:25.333346+00:00,ins#2,X331LB8,40,30,2862.65,TIME_LIMIT,lefo_mip_v1,765661.3214976365,743276.0470949409,0.02923652243384831,600.0503749847412,11
0,dc5d5539-3a44-421a-8159-3349d8db85c5,2025-09-27T11:55:59.840176+00:00,ins#4,X331HB12,40,30,2908.9,TIME_LIMIT,lefo_mip_no_shelf_v1,1123761.4321893346,1091074.004306229,0.029087515327362038,600.029876947403,11
4,a44d13e4-8a9f-4a78-b673-3e4b860afbf0,2025-09-27T11:15:42.44172+00:00,ins#3,X332HB12,40,30,2686.125,TIME_LIMIT,lefo_mip_no_shelf_v1,1351439.5284536362,1312194.7565372963,0.029039236377261433,600.0368139743805,11
37,43e10c37-52e5-4d52-93c6-bcd60c46a360,2025-09-27T05:43:19.25775+00:00,ins#2,X332LB12,40,30,2608.075,TIME_LIMIT,lefo_mip_v1,1683435.5218786485,1634686.048006863,0.028958325542152594,600.1374349594116,11
66,7c7beea4-9f3a-4add-bf64-c8961cd87f04,2025-09-27T00:51:09.272032+00:00,ins#3,X331LB12,40,30,2839,TIME_LIMIT,lefo_mip_no_shelf_v1,1095785.692421095,1065099.3090087227,0.028004000804730325,600.0410571098328,11
22,80501c20-9bb6-467e-b853-02feacfd27cf,2025-09-27T08:14:23.861727+00:00,ins#1,X332LB12,40,30,2270.9,TIME_LIMIT,lefo_mip_no_shelf_v1,1124918.3946626214,1093419.4170948877,0.028001122318904482,600.1129050254822,11
44,1a402b43-1c28-45d3-b805-f23c221c9ff3,2025-09-27T04:32:45.339812+00:00,ins#4,X331LB12,40,30,2884.45,TIME_LIMIT,lefo_mip_no_shelf_v1,1099296.7529525592,1069635.7598102924,0.026981789096166643,600.0337960720062,11
2,e00c86bb-a7b1-45f2-a18b-663b64f1ceaa,2025-09-27T11:35:50.318806+00:00,ins#5,X331HB12,40,30,2962.725,TIME_LIMIT,lefo_mip_no_shelf_v1,1106092.9352236253,1076426.8648613773,0.026820594741661766,600.0451221466064,11
35,4991b1dd-e465-426e-ba44-ec746c80f2dc,2025-09-27T06:03:27.620395+00:00,ins#5,X332LB8,40,30,2639.925,TIME_LIMIT,lefo_mip_v1,848182.4694702359,825750.4050365557,0.026447215358849537,600.1977229118347,11
41,78962478-e4db-4429-9cec-7e0e004159ef,2025-09-27T05:03:01.765865+00:00,ins#4,X332LB8,40,30,2625.975,TIME_LIMIT,lefo_mip_v1,880391.9572332924,857794.5321878812,0.02566745965788417,600.1452951431274,11
12,e75e20cb-d1a5-428e-ab3c-a1ece1b54d7b,2025-09-27T09:55:08.446765+00:00,ins#3,X332LB12,40,30,2640.925,TIME_LIMIT,lefo_mip_no_shelf_v1,1389083.0952561873,1353594.720903383,0.02554805718534719,600.062413930893,11
20,45398075-3143-4dae-9134-4b98e594aba0,2025-09-27T08:34:32.279824+00:00,ins#1,X331HB12,40,30,2508.25,TIME_LIMIT,lefo_mip_no_shelf_v1,958211.7129864192,934084.5088309128,0.025179408504943213,600.0380010604858,11
72,2b42afb1-0b88-4529-b576-c032e1ae4cf8,2025-09-26T23:50:43.811286+00:00,ins#5,X331LB12,40,30,2860.275,TIME_LIMIT,lefo_mip_no_shelf_v1,1078288.6016846183,1052031.392212629,0.024350817982279845,600.0433721542358,11
74,374b7ebe-7460-4497-9413-5084ca0ad5d3,2025-09-26T23:30:35.212768+00:00,ins#5,X332LB12,40,30,2638.1,TIME_LIMIT,lefo_mip_no_shelf_v1,1310432.4289930335,1280075.1048903787,0.02316588282692461,600.0554420948029,11
8,84ec657c-5a4d-472d-8256-940efb7185e7,2025-09-27T10:35:25.808829+00:00,ins#4,X332HB12,40,30,2711.875,TIME_LIMIT,lefo_mip_no_shelf_v1,1284249.2731626092,1255094.164100605,0.02270206389932881,600.0369989871979,11
33,08ce41a6-c072-4db6-abd7-7e5460cb3e97,2025-09-27T06:23:36.173145+00:00,ins#3,X331HB8,40,30,2943,TIME_LIMIT,lefo_mip_v1,788700.1370320861,771094.6718776466,0.022322127672869074,600.0627200603485,11
18,e7579a1a-479e-4b03-9eab-b13c5a42b546,2025-09-27T08:54:40.691958+00:00,ins#4,X332LB12,40,30,2633.575,TIME_LIMIT,lefo_mip_no_shelf_v1,1375953.5235653347,1345386.6711709383,0.02221503260894482,600.0514800548553,11
64,43efd105-2b3d-47a5-bd6e-d43672b78536,2025-09-27T01:11:18.130345+00:00,ins#2,X331HB12,40,30,2989.625,TIME_LIMIT,lefo_mip_no_shelf_v1,1087565.6705568498,1063708.4600198788,0.02193634019797236,600.0366129875183,11
38,eaa8e491-3d71-4532-a27c-82ef7cc9855f,2025-09-27T05:33:11.833105+00:00,ins#1,X331LB12,40,30,2403.625,TIME_LIMIT,lefo_mip_no_shelf_v1,914701.6252024409,895108.3086093011,0.0214204458080015,600.0370669364929,11
76,b2c972bd-183e-4055-a787-26b827867e9a,2025-09-26T23:10:26.55809+00:00,ins#2,X332LB8,40,30,2721.5,TIME_LIMIT,lefo_mip_no_shelf_v1,773745.8892642445,757454.4494734373,0.021055284450426922,600.0293979644775,11
36,b2970dda-45b5-4222-a56d-a40bee9643ee,2025-09-27T05:53:20.337235+00:00,ins#2,X332LB12,40,30,2608.075,TIME_LIMIT,lefo_mip_no_shelf_v1,1631318.8561240193,1597174.2545313044,0.020930673034603293,600.0551660060883,11
79,a8963747-c6f3-4d82-8ec4-552cd4f25565,2025-09-26T22:40:15.891875+00:00,ins#3,X331LB8,40,30,2818,TIME_LIMIT,lefo_mip_v1,767052.1742277679,751181.2455795564,0.02069080719859704,600.1816470623016,11
17,17a76c00-1686-467f-b133-47ee9bd00fe1,2025-09-27T09:04:48.485104+00:00,ins#2,X331HB8,40,30,2961.875,TIME_LIMIT,lefo_mip_v1,789807.9196221412,773712.7782988579,0.020378551447019586,600.0408141613007,11
70,83778427-8ccc-4fe7-a484-7cf7a75df083,2025-09-27T00:10:51.691774+00:00,ins#3,X332LB8,40,30,2647.85,TIME_LIMIT,lefo_mip_no_shelf_v1,824882.4107480512,808509.828484154,0.01984838329750501,600.051265001297,11
54,030bbe34-9dd7-4d29-998e-b574293ea19a,2025-09-27T02:52:00.827184+00:00,ins#3,X332HB8,40,30,2713.6,TIME_LIMIT,lefo_mip_no_shelf_v1,823012.6179795347,806770.330702632,0.019735161918631228,600.0335488319397,11
26,326f9938-880f-4e42-a30d-55f7ddaf28db,2025-09-27T07:34:06.203077+00:00,ins#4,X332HB8,40,30,2709.7,TIME_LIMIT,lefo_mip_no_shelf_v1,817430.4189742225,801704.1014649603,0.019238723130706206,600.0355010032654,11
34,21390385-d2ce-4ac4-8597-4e51a3a88c3e,2025-09-27T06:13:28.799197+00:00,ins#5,X332LB8,40,30,2639.925,TIME_LIMIT,lefo_mip_no_shelf_v1,830206.9343291963,814249.5429905513,0.01922098055172054,600.0598800182343,11
42,2f2993e5-0f28-4333-aae2-892133a030be,2025-09-27T04:52:53.816217+00:00,ins#1,X332HB12,40,30,2333.4,TIME_LIMIT,lefo_mip_no_shelf_v1,1220021.5441680977,1196602.35083555,0.019195721128446565,600.0400769710541,11
62,81710878-a82d-4c00-8f40-33dd7151f5e3,2025-09-27T01:31:26.548653+00:00,ins#3,X331HB12,40,30,2976.5,TIME_LIMIT,lefo_mip_no_shelf_v1,1085183.475976391,1065626.1735674196,0.018022115929635516,600.0385189056396,11
52,23d7d3aa-3ac6-4d96-a3b0-61831de00e70,2025-09-27T03:12:09.635248+00:00,ins#2,X332HB8,40,30,2708.225,TIME_LIMIT,lefo_mip_no_shelf_v1,829207.1387087499,815411.8212341779,0.016636756765087916,600.0412759780884,11
14,319e4a33-451a-405f-a39d-23adcf8ffe07,2025-09-27T09:34:58.681949+00:00,ins#1,X332HB8,40,30,2322.475,TIME_LIMIT,lefo_mip_no_shelf_v1,776125.7334959662,763314.3566793707,0.01650683164297119,600.0590980052948,11
68,5bf723e8-56a0-4532-b4ac-91d31b8db0e0,2025-09-27T00:31:00.732462+00:00,ins#1,X332LB8,40,30,2267.3,TIME_LIMIT,lefo_mip_no_shelf_v1,666994.0670425332,656112.0314203583,0.016315041107376027,600.0669870376587,11
24,8d177015-1f4e-42c2-a2ce-14af652f28d1,2025-09-27T07:54:14.54613+00:00,ins#5,X332HB8,40,30,2750.175,TIME_LIMIT,lefo_mip_no_shelf_v1,801068.7261172666,789246.6751220857,0.014757848621155941,600.033016204834,11
40,456e4b97-761a-4ce5-aed9-c5e80dbbc08d,2025-09-27T05:13:03.233455+00:00,ins#4,X332LB8,40,30,2625.975,TIME_LIMIT,lefo_mip_no_shelf_v1,858832.4604849804,846681.2887954981,0.014148477437171571,600.0425238609314,11
51,a56140b5-e27b-4be6-95fc-9e321c0ae73d,2025-09-27T03:22:16.497052+00:00,ins#5,X331HB8,40,30,2957.4,TIME_LIMIT,lefo_mip_v1,773187.2057581202,762690.06042323,0.013576460211337207,600.0490009784698,11
58,2750b10a-e21f-4fae-9af9-1f24a54ef36f,2025-09-27T02:11:43.024835+00:00,ins#1,X331HB8,40,30,2477.95,TIME_LIMIT,lefo_mip_no_shelf_v1,656929.8768362215,649198.3313259687,0.011769209748060163,600.0505809783936,11
78,8bdcc072-74ab-48e9-b0cc-432b9054f764,2025-09-26T22:50:17.427949+00:00,ins#3,X331LB8,40,30,2818,TIME_LIMIT,lefo_mip_no_shelf_v1,742251.8286333318,734432.182540567,0.01053503109202532,600.0527350902557,11
7,67940d6d-6e02-4ecb-bd36-64f017c0d59d,2025-09-27T10:45:33.012994+00:00,ins#4,X331HB8,40,30,2947.425,TIME_LIMIT,lefo_mip_v1,773895.8243367529,766795.8912477753,0.009174274967903335,600.1302599906921,11
56,49a7b42c-9d89-4c20-b7e7-3ad23ce1c807,2025-09-27T02:31:51.991695+00:00,ins#1,X331LB8,40,30,2441.225,TIME_LIMIT,lefo_mip_no_shelf_v1,622651.3478763496,617411.6335399804,0.008415165813484636,600.080766916275,11
48,9b5d924d-1850-413e-8287-8c3f5a94abed,2025-09-27T03:52:26.840552+00:00,ins#2,X331LB8,40,30,2862.65,TIME_LIMIT,lefo_mip_no_shelf_v1,734763.8105716131,729304.4854089334,0.007430040897676579,600.4086430072784,11
60,9df7a4fd-929d-4a28-8de1-c29fa373a5e7,2025-09-27T01:51:34.967777+00:00,ins#5,X331LB8,40,30,2877.075,TIME_LIMIT,lefo_mip_no_shelf_v1,742602.6041339239,737345.5638322021,0.0070792107009278685,600.0525078773499,11
32,71f9dd76-3fb7-4e49-af49-2b3be78c34e1,2025-09-27T06:33:38.214718+00:00,ins#3,X331HB8,40,30,2943,TIME_LIMIT,lefo_mip_no_shelf_v1,762163.9301232258,756960.7880722258,0.006826801748750815,600.0620820522308,11
46,e2f80597-ac15-4525-9055-c3a6931404c9,2025-09-27T04:12:36.750606+00:00,ins#4,X331LB8,40,30,2874.325,TIME_LIMIT,lefo_mip_no_shelf_v1,736958.4133166985,732810.177267389,0.005628860427334368,600.0372710227966,11
6,ea84745c-f125-4680-ae8c-01e85a81331e,2025-09-27T10:55:34.117691+00:00,ins#4,X331HB8,40,30,2947.425,TIME_LIMIT,lefo_mip_no_shelf_v1,755460.2446512956,751889.5061486408,0.004726573672057364,600.0387670993805,11
16,be011098-f56d-4dd0-91d0-93fb09940888,2025-09-27T09:14:49.913891+00:00,ins#2,X331HB8,40,30,2961.875,TIME_LIMIT,lefo_mip_no_shelf_v1,766536.4559009905,763353.3045766427,0.00415264179523769,600.0463478565216,11
50,2974882c-49d3-4f8a-ba6e-58b827aec253,2025-09-27T03:32:17.89363+00:00,ins#5,X331HB8,40,30,2957.4,TIME_LIMIT,lefo_mip_no_shelf_v1,756396.6061606546,753429.0058663653,0.003923338986609616,600.037034034729,11
