,run_id,created_at,instance_id,class_key,period,n_items,cap_mean,status,status_label,objective,best_bound,gap,runtime_sec,has_instance,solver_version,gap_num,run_batch
89,f9fa5e35-ad43-4620-b8cb-3c905fa5b6e8,2025-09-01T15:48:27.679275+00:00,20e47e70-bc0d-4869-b272-710f6370af1d,class_T60_N40_DBMedium_TBO4_CVhigh_Z3,60,40,3069.35,9,TIME_LIMIT,717944.5102989406,598154.2905362218,0.16685164110084225,117.40471196174622,true,lefo_mip_v2,0.16685164110084225,1
103,822aebf9-327e-41a9-98ea-dc4733710b8e,2025-09-01T15:33:44.139187+00:00,9e0583b5-480a-4d6e-8d0d-6a280856d96e,class_T60_N30_DBMedium_TBO4_CVhigh_Z3,60,30,2275.883333333333,9,TIME_LIMIT,507731.6062605861,443895.4903465861,0.12572807193184077,80.0959210395813,true,lefo_mip_v2,0.12572807193184077,1
90,aeffb2dc-31c5-4be3-9b90-bdf903404c9b,2025-09-01T15:46:26.943274+00:00,7259bb22-422f-4c08-a11a-07aa3bd46779,class_T60_N40_DBMedium_TBO4_CVhigh_Z3,60,40,3112.7166666666667,9,TIME_LIMIT,696084.5132807448,614909.0515968177,0.11661724996773118,80.15334486961365,true,lefo_mip_v2,0.11661724996773118,1
104,990b89ce-6a48-4a72-b80c-3a35e668f662,2025-09-01T15:32:21.588511+00:00,213b934a-387d-4624-843a-ffdcec9ead77,class_T60_N30_DBMedium_TBO4_CVhigh_Z3,60,30,2385.1833333333334,9,TIME_LIMIT,503718.1985473814,469579.45195395063,0.0677735025096965,80.04142785072327,true,lefo_mip_v2,0.0677735025096965,1
131,6a9a7dae-545b-46f3-9d26-f48475f0afc4,2025-09-01T15:19:43.84455+00:00,711fbce3-7591-4177-a5bb-7c0ac6aff90f,class_T40_N30_DBMedium_TBO4_CVhigh_Z2,40,30,2275.95,9,TIME_LIMIT,307951.50850038143,295976.42304283864,0.038886269841175214,80.06204605102539,true,lefo_mip_v2,0.038886269841175214,1
108,1c6ad11b-c8c3-4eb5-b73f-7664aadcc108,2025-09-01T15:26:49.103913+00:00,ab69a337-0585-41fd-a367-66222a30f837,class_T60_N30_DBLoose_TBO4_CVhigh_Z3,60,30,2481.8333333333335,9,TIME_LIMIT,454490.28395436174,441058.0109919668,0.029554587714230977,80.10712695121765,true,lefo_mip_v2,0.029554587714230977,1
94,157bed09-988b-457e-844f-13e666938af9,2025-09-01T15:40:51.99192+00:00,543ccfdc-4a76-4021-839d-ab4b98e3a980,class_T60_N40_DBLoose_TBO4_CVhigh_Z3,60,40,3390.116666666667,9,TIME_LIMIT,621044.8915966129,603475.1296497633,0.028290647237561705,80.11339998245239,true,lefo_mip_v2,0.028290647237561705,1
132,385273ea-2b12-47f7-a278-ba96dc8c9bad,2025-09-01T15:18:22.240333+00:00,beff8138-713c-471f-94bd-f69cb48e7952,class_T40_N30_DBMedium_TBO4_CVhigh_Z2,40,30,2285.15,9,TIME_LIMIT,303562.25693227834,295076.59290562087,0.027953620164810324,80.05856585502625,true,lefo_mip_v2,0.027953620164810324,1
159,28015ef3-ff3c-4dfd-8a30-5539cc3741b3,2025-09-01T15:07:13.042736+00:00,835b04ca-9675-4a3e-9a9d-f3e5e81bb42f,class_T40_N20_DBMedium_TBO4_CVhigh_Z3,40,20,1563.85,9,TIME_LIMIT,210903.76441432457,206703.75435877338,0.01991434371602864,80.04714298248291,true,lefo_mip_v2,0.01991434371602864,1
91,ea5e8255-b608-40a0-985f-fa90665462e9,2025-09-01T15:45:03.388802+00:00,ae1a9fa6-9f57-4ee7-b0ce-4ae5dca91a5f,class_T60_N40_DBMedium_TBO2_CVmed_Z3,60,40,3116.983333333333,9,TIME_LIMIT,506115.3707164691,496298.3147095729,0.019396873864942953,80.10266709327698,true,lefo_mip_v2,0.019396873864942953,1
247,14da07fc-800a-43e6-ba03-81baac570691,2025-09-01T14:28:39.092362+00:00,62c48094-0ab5-4222-b2ac-5693a08bb79e,prof_T60_N40_DBMedium_TBO2_CVmed,60,40,3102.3166666666666,9,TIME_LIMIT,503465.2737913531,494230.30245176033,0.01834281691376383,80.17945981025696,true,lefo_mip_v2,0.01834281691376383,1
160,32bb7b9f-aae2-47fc-ba9b-ff1504433526,2025-09-01T15:05:51.621757+00:00,b82ddda3-5280-49f0-94b4-171a06fcebe5,class_T40_N20_DBMedium_TBO4_CVhigh_Z3,40,20,1514.425,9,TIME_LIMIT,203213.38800386936,199783.45473100027,0.016878480825307556,80.07682299613953,true,lefo_mip_v2,0.016878480825307556,1
93,f72f50fe-684d-420b-893a-dc954e3562ca,2025-09-01T15:42:15.530921+00:00,835178ca-cca2-4a46-bbd6-c2aba08444b8,class_T60_N40_DBLoose_TBO4_CVhigh_Z3,60,40,3411.45,9,TIME_LIMIT,616278.1105888021,605929.1573071397,0.01679266731017733,80.1838390827179,true,lefo_mip_v2,0.01679266731017733,1
164,cc470574-031f-4b0e-8b69-20c2db301254,2025-09-01T15:00:25.331703+00:00,f93ac6be-a281-4e5a-94b8-4698180611c6,class_T40_N20_DBLoose_TBO4_CVhigh_Z3,40,20,1625.875,9,TIME_LIMIT,193526.33962803445,191420.27759206973,0.010882560172494619,80.06800389289856,true,lefo_mip_v2,0.010882560172494619,1
216,7c8de310-de60-446f-a5c8-45463f4d432a,2025-09-01T14:46:10.64588+00:00,34a2b73c-5adb-472f-9c2a-9a8ac64d7d15,class_T20_N20_DBMedium_TBO4_CVhigh_Z2,20,20,1432.4,9,TIME_LIMIT,95923.39993437509,94970.3741768012,0.00993527917302656,80.02975296974182,true,lefo_mip_v2,0.00993527917302656,1
107,d6882b01-9251-4952-8425-45d83468c796,2025-09-01T15:28:12.46434+00:00,fc683cdb-2ce9-4648-b628-d480b164addd,class_T60_N30_DBLoose_TBO4_CVhigh_Z3,60,30,2543.2166666666667,9,TIME_LIMIT,453977.8929374974,449545.47828477825,0.009763503293164557,80.83189606666565,true,lefo_mip_v2,0.009763503293164557,1
259,c51feecc-2fef-4494-9497-95f0819c9832,2025-09-01T14:19:59.814776+00:00,6723b3b6-b269-459e-93c0-d9c4c2829b67,prof_T20_N30_DBMedium_TBO4_CVhigh,20,30,2234.7,9,TIME_LIMIT,149151.44266979577,147712.16350292813,0.009649783743989898,80.02918314933777,true,lefo_mip_v2,0.009649783743989898,1
215,d81bcfbb-ac06-46c1-a1cf-41d180faf313,2025-09-01T14:47:31.446763+00:00,f450cdae-310a-4563-8b51-07063e94523e,class_T20_N20_DBMedium_TBO4_CVhigh_Z2,20,20,1509.35,9,TIME_LIMIT,105262.91322012883,104288.04844915369,0.00926123685116403,80.03963208198547,true,lefo_mip_v2,0.00926123685116403,1
163,83e95bab-c6ea-45d6-987f-76642af5ffcc,2025-09-01T15:01:46.76918+00:00,375bf7bd-6ed9-4943-b4a4-294ed43aef12,class_T40_N20_DBLoose_TBO4_CVhigh_Z3,40,20,1634.45,9,TIME_LIMIT,195173.07729555733,193521.41172839032,0.008462568659845649,80.06188607215881,true,lefo_mip_v2,0.008462568659845649,1
188,e4cd42a6-3425-44f2-b7bd-f331c5b4aa39,2025-09-01T14:54:22.251081+00:00,3d445e49-7e4a-40b1-8f23-d8ce7aa0c9c3,class_T20_N30_DBMedium_TBO4_CVhigh_Z2,20,30,2033.55,9,TIME_LIMIT,134089.54224149327,133161.43423316674,0.0069215540064639595,80.01881098747253,true,lefo_mip_v2,0.0069215540064639595,1
187,cedc8fca-9d33-49d6-96be-df196acf28ea,2025-09-01T14:55:43.215833+00:00,675aab1e-8c94-46e8-94f7-55bdf4c2312f,class_T20_N30_DBMedium_TBO4_CVhigh_Z2,20,30,2273.05,9,TIME_LIMIT,150225.218594181,149247.18523310678,0.006510447248649289,80.01760721206665,true,lefo_mip_v2,0.006510447248649289,1
260,ac428c9e-f987-4145-bbbe-626190e10bbb,2025-09-01T14:18:38.816921+00:00,01a981dc-ba65-4118-b953-613b27648e74,prof_T20_N30_DBMedium_TBO4_CVhigh,20,30,2242.35,9,TIME_LIMIT,149588.39695058018,148695.47893920657,0.005969166256047269,80.03123903274536,true,lefo_mip_v2,0.005969166256047269,1
161,71710dc3-53bf-4e63-860c-a16fbd68007e,2025-09-01T15:04:30.204277+00:00,c23b04df-67f4-42b9-a113-386b3d4a2ca7,class_T40_N20_DBMedium_TBO2_CVmed_Z3,40,20,1513.25,9,TIME_LIMIT,161484.29003569525,160600.57503992174,0.00547245181297926,80.05644297599792,true,lefo_mip_v2,0.00547245181297926,1
162,def16daa-af39-4274-b960-bc8cd2802768,2025-09-01T15:03:08.031665+00:00,9dee5d55-93d8-4b2a-9515-6a111bc5a2ff,class_T40_N20_DBMedium_TBO2_CVmed_Z3,40,20,1504.55,9,TIME_LIMIT,160349.8470043276,159505.19157555452,0.005267578638539563,80.05578589439392,true,lefo_mip_v2,0.005267578638539563,1
256,5d87dd2f-ee4e-4e77-93c5-d16ac252436f,2025-09-01T14:21:25.54809+00:00,3c2015d1-db96-461f-b0dc-09c5ef7097bd,prof_T40_N20_DBMedium_TBO2_CVmed,40,20,1577.95,9,TIME_LIMIT,168803.52018089325,167948.7755131024,0.005063547649213107,80.0417890548706,true,lefo_mip_v2,0.005063547649213107,1
255,aaf98be5-5650-4f3d-9905-1f66843203ae,2025-09-01T14:22:46.988962+00:00,4adaf281-2bb3-4bac-b8b8-b188abfc2ebc,prof_T40_N20_DBMedium_TBO2_CVmed,40,20,1488.175,9,TIME_LIMIT,155582.6208643901,154832.53984183425,0.004821110599554965,80.06704902648926,true,lefo_mip_v2,0.004821110599554965,1
248,2d7f7fe2-2091-494a-8881-146b39b17de6,2025-09-01T14:27:15.107793+00:00,ad65d3b6-ccc5-449a-962d-53f0792570a3,prof_T60_N40_DBMedium_TBO2_CVmed,60,40,3128.5833333333335,9,TIME_LIMIT,495352.05475610244,492975.31521698885,0.004798081518575379,80.07683682441711,true,lefo_mip_v2,0.004798081518575379,1
219,44868fa0-8c50-476d-9770-b99bdd4f010a,2025-09-01T14:42:07.909602+00:00,d2903631-cc36-49bd-85ac-2b4ffdb3eaf3,class_T20_N20_DBLoose_TBO4_CVhigh_Z1,20,20,1725.2,9,TIME_LIMIT,105746.01739413895,105305.34672092384,0.004167255505922547,80.03111600875854,true,lefo_mip_v2,0.004167255505922547,1
105,c0bfefc7-c8c0-48c6-a196-dd01fb7e36ab,2025-09-01T15:30:58.453104+00:00,ad50d2ea-690a-4cf4-80ff-ed437c4e0033,class_T60_N30_DBMedium_TBO2_CVmed_Z3,60,30,2333.633333333333,9,TIME_LIMIT,363924.1115474037,362482.7246760555,0.003960679783538999,80.16513299942017,true,lefo_mip_v2,0.003960679783538999,1
236,fb29372b-9a10-4149-9c8d-4f96e1561e68,2025-09-01T14:37:14.621322+00:00,de3eb851-edad-4681-8388-fee08be4e1de,class_T20_N10_DBMedium_TBO2_CVmed_Z2,20,10,755.15,9,TIME_LIMIT,39530.303823385846,39379.59433358311,0.003812505223235261,80.01849889755249,true,lefo_mip_v2,0.003812505223235261,1
106,263eed6b-1fe6-497d-866f-df3d3dd92693,2025-09-01T15:29:35.147915+00:00,ec243f44-9129-41b5-b4f9-d6010aa2493f,class_T60_N30_DBMedium_TBO2_CVmed_Z3,60,30,2309.9666666666667,9,TIME_LIMIT,368225.46512396476,366859.8681828308,0.00370858908596728,80.11255407333374,true,lefo_mip_v2,0.00370858908596728,1
135,8548d058-c917-4f29-ae7c-a8c9855ca09d,2025-09-01T15:14:16.930847+00:00,e6617a8b-f25a-4654-8ce7-324c8b07ec0e,class_T40_N30_DBLoose_TBO4_CVhigh_Z2,40,30,2447.625,9,TIME_LIMIT,292889.7170869858,291815.6264317818,0.0036672187261699908,80.07333397865295,true,lefo_mip_v2,0.0036672187261699908,1
235,1d9ee0ec-4eb1-4249-a809-2f3ec9ef092f,2025-09-01T14:38:35.346115+00:00,d101a55a-35a5-4fc0-b663-8e13a081e76e,class_T20_N10_DBMedium_TBO2_CVmed_Z2,20,10,730.45,9,TIME_LIMIT,38660.044753503855,38523.48699287294,0.0035322711471651776,80.04439401626587,true,lefo_mip_v2,0.0035322711471651776,1
134,3ac91d0c-110f-493c-933f-5f0e01e7ae79,2025-09-01T15:15:38.747046+00:00,c40ca3a9-658d-405a-bb96-41579318a2ab,class_T40_N30_DBMedium_TBO2_CVmed_Z2,40,30,2323.8,9,TIME_LIMIT,243270.63042990176,242411.50526210075,0.0035315613984425137,80.07118797302246,true,lefo_mip_v2,0.0035315613984425137,1
251,c42cfb12-efdd-4102-a8f2-4462bf873003,2025-09-01T14:25:33.706155+00:00,facfaea4-2410-4cfe-be30-2dded7755ae0,prof_T40_N30_DBLoose_TBO4_CVhigh,40,30,2537.45,9,TIME_LIMIT,300769.17674769217,299778.4974305771,0.0032938192930125473,80.06720805168152,true,lefo_mip_v2,0.0032938192930125473,1
92,86e56ea8-b0a5-4c0b-8444-0d5ba20a9509,2025-09-01T15:43:39.022673+00:00,1807c05c-782c-44d4-82bb-1d12558429ff,class_T60_N40_DBMedium_TBO2_CVmed_Z3,60,40,3145.133333333333,9,TIME_LIMIT,496372.0635389283,494769.46549844224,0.0032286225559516424,80.11594700813293,true,lefo_mip_v2,0.0032286225559516424,1
133,b5177b1e-c8fe-4f83-b0ab-5cd48b58a469,2025-09-01T15:17:00.398198+00:00,a69b8325-4a8f-411c-8cb6-2b901f363e54,class_T40_N30_DBMedium_TBO2_CVmed_Z2,40,30,2283.5,9,TIME_LIMIT,232596.53611818576,231861.6573881628,0.0031594568959941727,80.10521507263184,true,lefo_mip_v2,0.0031594568959941727,1
252,92829299-fbd1-45b9-ac59-b8d005fb5b21,2025-09-01T14:24:11.936864+00:00,9c43eb4e-31f6-40e7-b2cc-01392ba5d381,prof_T40_N30_DBLoose_TBO4_CVhigh,40,30,2489.15,9,TIME_LIMIT,296558.4558120565,295669.97094321635,0.002995985619115902,80.07531309127808,true,lefo_mip_v2,0.002995985619115902,1
136,b96b6a87-a750-4cbc-85be-8f3763ff4a29,2025-09-01T15:12:54.973025+00:00,c34b7e1c-ca49-4be2-9406-89dc735f1b79,class_T40_N30_DBLoose_TBO4_CVhigh_Z2,40,30,2521.7,9,TIME_LIMIT,300015.6979894228,299194.9164427737,0.002735795333876338,80.07345509529114,true,lefo_mip_v2,0.002735795333876338,1
261,a9acf220-faa1-4036-af0d-a2d2f76761d6,2025-09-01T14:17:17.923331+00:00,3330bf6c-076c-4b5b-98df-1cdb89a897f5,prof_T20_N30_DBLoose_TBO4_CVhigh,20,30,2448.3,9,TIME_LIMIT,148265.23320699416,147890.92245429198,0.002524602326558921,80.01965498924255,true,lefo_mip_v2,0.002524602326558921,1
217,2e81dd2c-8235-43c8-ba48-75f258fb93a4,2025-09-01T14:44:49.780279+00:00,05ef9ef7-6f14-446a-82a9-e97a8514d8e3,class_T20_N20_DBMedium_TBO2_CVmed_Z2,20,20,1444.75,9,TIME_LIMIT,75118.10699116647,74929.74030215591,0.0025076069746100414,80.02729105949402,true,lefo_mip_v2,0.0025076069746100414,1
218,2f740036-9b70-4b7f-970f-83350100f49d,2025-09-01T14:43:28.956904+00:00,d0f59b06-2583-4861-9d59-f7762aa0080d,class_T20_N20_DBMedium_TBO2_CVmed_Z2,20,20,1519.25,9,TIME_LIMIT,78966.36019173164,78785.79401099644,0.0022866215474131395,80.05374908447266,true,lefo_mip_v2,0.0022866215474131395,1
267,b6ba7bec-dee5-41e5-8d3e-e5baa2a0c242,2025-09-01T14:14:30.850332+00:00,4af948e2-1bc3-456d-9732-d92ed1c157b2,prof_T20_N20_DBMedium_TBO2_CVmed,20,20,1480.15,9,TIME_LIMIT,77275.13388353279,77100.73754002116,0.002256823569849482,80.0188500881195,true,lefo_mip_v2,0.002256823569849482,1
191,a504a633-8399-4ba9-ad33-8c6795ef2524,2025-09-01T14:50:18.88988+00:00,ed097dfd-ebcb-414e-8326-85fc21990542,class_T20_N30_DBLoose_TBO4_CVhigh_Z1,20,30,2486.6,9,TIME_LIMIT,149363.53461716618,149050.95217191675,0.0020927627754030293,80.02343106269836,true,lefo_mip_v2,0.0020927627754030293,1
277,c6c8a650-35be-4013-af49-117feaac5902,2025-09-01T14:10:58.155097+00:00,55eff739-0c67-473f-97a8-9defb96fd0d3,prof_T20_N10_DBMedium_TBO1_CVlow,20,10,740.25,9,TIME_LIMIT,35676.37613352206,35604.231159512165,0.0020222057795300946,80.00935101509094,true,lefo_mip_v2,0.0020222057795300946,1
268,9175ae16-6034-4668-a269-ade935108e2b,2025-09-01T14:13:09.838851+00:00,6830c695-af73-4848-9505-9d071875d6f8,prof_T20_N20_DBMedium_TBO2_CVmed,20,20,1444.45,9,TIME_LIMIT,75009.84475453758,74867.8566110864,0.0018929267740230573,80.02203702926636,true,lefo_mip_v2,0.0018929267740230573,1
262,846490cf-8d11-4c28-ba5f-d80ba99fd494,2025-09-01T14:15:56.968449+00:00,975c3b77-45c3-421d-a144-6291aa2394e3,prof_T20_N30_DBLoose_TBO4_CVhigh,20,30,2513.7,9,TIME_LIMIT,151841.6722180454,151557.0234562353,0.0018746419059541017,80.02546501159668,true,lefo_mip_v2,0.0018746419059541017,1
237,bdd6e91c-a450-47a0-92b1-8be02377a920,2025-09-01T14:35:53.879843+00:00,fd43f592-649c-4482-951c-806e3e08077d,class_T20_N10_DBMedium_TBO1_CVlow_Z2,20,10,737.45,9,TIME_LIMIT,34734.58464530049,34671.10638716672,0.0018275231669528475,80.0170488357544,true,lefo_mip_v2,0.0018275231669528475,1
278,f8f286e2-206a-43fa-81b1-73e78e614f27,2025-09-01T14:09:37.494867+00:00,f14e048e-6d94-426f-aee9-e0aa8fb5865e,prof_T20_N10_DBMedium_TBO1_CVlow,20,10,727.9,9,TIME_LIMIT,34480.7409358376,34432.63627336967,0.0013951168438475073,80.01849102973938,true,lefo_mip_v2,0.0013951168438475073,1
166,ee14e904-a2fa-452c-8b0a-9630d5796c50,2025-09-01T14:57:42.731058+00:00,d7a7f088-db53-4efd-9762-f5f8ce6d6bcf,class_T40_N20_DBLoose_TBO2_CVmed_Z3,40,20,1595.6,9,TIME_LIMIT,147861.57865791325,147665.40085419882,0.0013267665981594094,80.03762698173523,true,lefo_mip_v2,0.0013267665981594094,1
283,163617f7-465b-4d1d-b2df-1554b6799437,2025-09-01T14:05:17.456465+00:00,fca600f6-13e9-4fa2-b716-e8085068e672,prof_T20_N10_DBMedium_TBO1_CVlow,20,10,727.9,9,TIME_LIMIT,34480.74092467646,34437.717592631976,0.0012477496390946804,360.02348613739014,true,lefo_mip_v2,0.0012477496390946804,1
238,351ca6f2-be3f-4553-b2c3-66537087dc53,2025-09-01T14:34:33.110447+00:00,98c3a367-9e04-4b96-bb01-0614b229db89,class_T20_N10_DBMedium_TBO1_CVlow_Z2,20,10,703.5,9,TIME_LIMIT,33672.00260309379,33633.372054576656,0.0011472602022661708,80.01780104637146,true,lefo_mip_v2,0.0011472602022661708,1
165,41663c06-fc5a-403d-b99f-6ee1802aa314,2025-09-01T14:59:04.041162+00:00,b235ea22-1c06-4ac6-ab45-9617f18de853,class_T40_N20_DBLoose_TBO2_CVmed_Z3,40,20,1623.025,9,TIME_LIMIT,150161.05776353757,150081.86025322138,0.0005274171046457097,80.03490591049194,true,lefo_mip_v2,0.0005274171046457097,1
190,312a6f7d-cc73-4b74-8d65-aedaaa711b92,2025-09-01T14:51:39.799493+00:00,a8fa02bb-420b-4ad5-bb97-8885ff4dbf8a,class_T20_N30_DBMedium_TBO1_CVlow_Z2,20,30,2187.85,9,TIME_LIMIT,105555.34294995661,105501.15361418597,0.0005133736886851293,80.02784895896912,true,lefo_mip_v2,0.0005133736886851293,1
220,bfc73ff5-09f7-42c2-b894-15fe6b6f8622,2025-09-01T14:40:47.001966+00:00,38ebc7e8-f061-430d-93d3-91b65a654e1d,class_T20_N20_DBLoose_TBO4_CVhigh_Z1,20,20,1700.15,9,TIME_LIMIT,101945.57632301099,101895.69114110022,0.0004893315012777638,80.03492403030396,true,lefo_mip_v2,0.0004893315012777638,1
189,3cab932e-b8fa-419b-8267-6f95f90c896a,2025-09-01T14:53:00.815513+00:00,74c3dd2f-7cf2-4606-8a6d-dbc9a5317990,class_T20_N30_DBMedium_TBO1_CVlow_Z2,20,30,2202.35,9,TIME_LIMIT,104375.75862346764,104328.33594087248,0.00045434575250598796,80.02029204368591,true,lefo_mip_v2,0.00045434575250598796,1
137,f0197960-bac5-4419-baa7-a64cb2363f18,2025-09-01T15:11:31.993757+00:00,0842ddf4-13c4-4214-a2bd-ae3b7f9811eb,class_T40_N30_DBLoose_TBO2_CVmed_Z2,40,30,2487.45,9,TIME_LIMIT,232784.80968619694,232703.16124978554,0.00035074641047869756,80.11462688446045,true,lefo_mip_v2,0.00035074641047869756,1
95,94ed6732-52f1-4554-aec8-26b31b7c19c3,2025-09-01T15:39:28.302335+00:00,9f363024-8d98-4cff-873c-f07a710888b9,class_T60_N40_DBLoose_TBO2_CVmed_Z3,60,40,3311.5833333333335,9,TIME_LIMIT,465594.0306028525,465476.2701101357,0.00025292526316182115,80.1842451095581,true,lefo_mip_v2,0.00025292526316182115,1
110,81b7b1ea-f357-4d86-94b7-7cb3a443f776,2025-09-01T15:24:03.704538+00:00,b374257f-ee32-4685-8d1d-97aff346ca06,class_T60_N30_DBLoose_TBO2_CVmed_Z3,60,30,2536.4666666666667,9,TIME_LIMIT,355135.68195444206,355048.37586132076,0.00024583869646896433,80.13310694694519,true,lefo_mip_v2,0.00024583869646896433,1
109,6d1956da-a7f4-4173-88ce-897dbaf94072,2025-09-01T15:25:26.423635+00:00,18f54d75-8c59-4039-8e4a-27db88315edf,class_T60_N30_DBLoose_TBO2_CVmed_Z3,60,30,2487.2166666666667,9,TIME_LIMIT,347647.0821099136,347587.82604206697,0.00017044891470677158,80.09589004516602,true,lefo_mip_v2,0.00017044891470677158,1
96,c7466731-9ba1-41e0-bc18-ef3a7e75954f,2025-09-01T15:38:04.439755+00:00,38fb5aea-bbce-48da-8202-91fce4b767ad,class_T60_N40_DBLoose_TBO2_CVmed_Z3,60,40,3360.766666666667,9,TIME_LIMIT,468601.19062116893,468536.60555058846,0.0001378252379061695,80.2099380493164,true,lefo_mip_v2,0.0001378252379061695,1
138,31391108-c8d9-4d7d-b850-11fc28656bf9,2025-09-01T15:10:10.076478+00:00,749c5442-2e30-4a02-b7b1-671bf6b729d5,class_T40_N30_DBLoose_TBO2_CVmed_Z2,40,30,2507.8,9,TIME_LIMIT,233010.42070644122,232982.45065613557,0.00012003776578254458,80.09224700927734,true,lefo_mip_v2,0.00012003776578254458,1
280,e79684cd-b699-44e5-8103-f71c577d5e98,2025-09-01T14:08:16.071153+00:00,2ff2b7d8-4c81-4f0e-9036-73149f2b916c,prof_T20_N10_DBLoose_TBO1_CVlow,20,10,815.9,2,OPTIMAL,32295.89866188196,32292.703188117634,0.00009894363980339511,0.12195801734924316,true,lefo_mip_v2,0.00009894363980339511,1
285,0da227ea-0d63-455e-a3de-6eb1223898d8,2025-09-01T13:59:15.492844+00:00,77e3a337-ad53-43b3-9341-0c7561fa381b,prof_T20_N10_DBLoose_TBO1_CVlow,20,10,815.9,2,OPTIMAL,32295.89866188196,32292.703188117634,0.00009894363980339511,0.12362194061279297,true,lefo_mip_v2,0.00009894363980339511,1
289,8a889d97-4013-44ec-9852-4ba1b9d33aae,2025-09-01T13:54:04.533151+00:00,ac7c8932-cf20-4dc3-83aa-962b7e76ae91,prof_T20_N10_DBLoose_TBO1_CVlow,20,10,815.9,2,OPTIMAL,32295.89866188196,32292.703188117634,0.00009894363980339511,0.12312698364257812,true,lefo_mip_v2,0.00009894363980339511,1
269,9ff12e11-df8d-445b-9cbf-7d08cee19cac,2025-09-01T14:11:48.939894+00:00,bda5df72-cee0-4138-b53b-5dea14e1d520,prof_T20_N20_DBLoose_TBO2_CVmed,20,20,1686.7,2,OPTIMAL,78460.91062189738,78453.19330599291,0.00009835873485653417,28.72850799560547,true,lefo_mip_v2,0.00009835873485653417,1
270,5dfcc49c-16a6-4a38-893f-5e5e6231591b,2025-09-01T14:11:19.39822+00:00,95f7fa4d-f814-4e21-bf44-5f4fbec08c4e,prof_T20_N20_DBLoose_TBO2_CVmed,20,20,1696.15,2,OPTIMAL,79380.68161117604,79372.87460835787,0.00009834890126553292,15.717375993728638,true,lefo_mip_v2,0.00009834890126553292,1
222,79ea2f94-091e-4fdf-84be-795f901692cb,2025-09-01T14:39:10.109644+00:00,cc83290b-970c-43c9-8ca9-13881f47df51,class_T20_N20_DBLoose_TBO2_CVmed_Z1,20,20,1681.3,2,OPTIMAL,78108.55617504902,78100.91317932615,0.0000978509410126549,24.749170064926147,true,lefo_mip_v2,0.0000978509410126549,1
194,37f5db21-9878-4a15-9767-f9433934726e,2025-09-01T14:47:57.724398+00:00,82eb2139-62d4-468c-b4f6-4e6aeed45988,class_T20_N30_DBLoose_TBO1_CVlow_Z1,20,30,2513.45,2,OPTIMAL,99918.37858119379,99908.68548976097,0.00009701009534431872,0.2868471145629883,true,lefo_mip_v2,0.00009701009534431872,1
240,26b056d0-00c4-4bbc-9ddc-2fd102ae1da4,2025-09-01T14:33:09.660858+00:00,5797dfa6-1d00-43f9-8297-61145274cdc3,class_T20_N10_DBLoose_TBO2_CVmed_Z1,20,10,839.1,2,OPTIMAL,39046.55779436756,39043.00218386724,0.00009106079258112322,20.472289085388184,true,lefo_mip_v2,0.00009106079258112322,1
192,1c6e3b78-52c6-44c4-8414-47c680276b7f,2025-09-01T14:48:57.98997+00:00,65cf19c5-4266-4153-bf45-e755201b46c3,class_T20_N30_DBLoose_TBO4_CVhigh_Z1,20,30,2520.05,2,OPTIMAL,151760.83368923963,151747.17967209464,0.00008997062557621462,57.96860599517822,true,lefo_mip_v2,0.00008997062557621462,1
239,871ccaee-9c34-4d5b-98ac-17ddc2027652,2025-09-01T14:33:12.468198+00:00,4681a133-0944-41ad-a886-168247e74bc3,class_T20_N10_DBLoose_TBO2_CVmed_Z1,20,10,856.6,2,OPTIMAL,40064.83520514063,40061.55454081933,0.00008188388407207081,2.0593678951263428,true,lefo_mip_v2,0.00008188388407207081,1
221,33a85bc4-7c61-43b4-b2e0-8de21af9c342,2025-09-01T14:39:26.263778+00:00,66f86f04-e985-42c3-9958-85bee3b9069d,class_T20_N20_DBLoose_TBO2_CVmed_Z1,20,20,1689.1,2,OPTIMAL,79187.29711111687,79180.96358372156,0.00007998160849492377,15.439924955368042,true,lefo_mip_v2,0.00007998160849492377,1
193,47588206-3b8f-4e11-a2d5-dd4455f5134c,2025-09-01T14:47:59.013319+00:00,22b3747b-a278-4d9f-ab48-d31b5ec324dd,class_T20_N30_DBLoose_TBO1_CVlow_Z1,20,30,2512.35,2,OPTIMAL,100009.82855629548,100004.06683726222,0.00005761152795121844,0.3591928482055664,true,lefo_mip_v2,0.00005761152795121844,1
279,f3131339-1b61-4d63-9005-59897d593cfd,2025-09-01T14:08:16.793432+00:00,2dc2bbb6-eadd-444a-9de6-241134360eb0,prof_T20_N10_DBLoose_TBO1_CVlow,20,10,843.65,2,OPTIMAL,33676.83254950479,33674.94466731396,0.00005605878130177715,0.15157508850097656,true,lefo_mip_v2,0.00005605878130177715,1
284,28b05ecc-0134-4f3b-8ab3-8661e519b479,2025-09-01T13:59:16.203668+00:00,ae036f66-b2c2-4670-bc28-31730a3df483,prof_T20_N10_DBLoose_TBO1_CVlow,20,10,843.65,2,OPTIMAL,33676.83254950479,33674.94466731396,0.00005605878130177715,0.150374174118042,true,lefo_mip_v2,0.00005605878130177715,1
288,0d2db222-2019-468f-b502-ec9b37c33548,2025-09-01T13:54:05.299991+00:00,e6455ba3-12ba-475f-9a79-57929ca5a3bc,prof_T20_N10_DBLoose_TBO1_CVlow,20,10,843.65,2,OPTIMAL,33676.83254950479,33674.94466731396,0.00005605878130177715,0.14921307563781738,true,lefo_mip_v2,0.00005605878130177715,1
241,3eaecc16-6601-4065-a05b-9e9e77becfb3,2025-09-01T14:32:48.592903+00:00,6f65624f-72e2-45a6-a256-92cca0103080,class_T20_N10_DBLoose_TBO1_CVlow_Z1,20,10,841.9,2,OPTIMAL,33642.86629793705,33641.8750286539,0.000029464471735876837,1.2271838188171387,true,lefo_mip_v2,0.000029464471735876837,1
242,98be58d7-16fe-4ae2-bb52-c7e893b69777,2025-09-01T14:32:46.623661+00:00,b724561b-0558-4c08-bb51-293d38b75725,class_T20_N10_DBLoose_TBO1_CVlow_Z1,20,10,832.5,2,OPTIMAL,33316.859469851865,33316.568146930884,0.000008744009057767357,0.5698809623718262,true,lefo_mip_v2,0.000008744009057767357,1
