,run_id,created_at,instance,class_name,status_label,solver_version,objective,best_bound,gap,runtime_sec,run_batch
0,371beca0-3a6e-4983-af8c-06fb8b49c457,2025-09-09T07:47:54.413997+00:00,ins#3,adhoc,OPTIMAL,lefo_mip_v2,27184.32619460142,27183.388067396725,0.00003450985681896647,0.16351914405822754,7
1,c18789c6-449c-4c13-a9c5-e39870107224,2025-09-09T07:47:06.861193+00:00,ins#3,adhoc,OPTIMAL,lefo_mip_v1,27184.32619460142,27184.32619460142,0,0.9020040035247803,7
2,b3fb8381-2c63-4f72-8020-37497966d2e4,2025-09-09T07:42:04.133724+00:00,ins#2,adhoc,OPTIMAL,lefo_mip_v2,36554.38450572467,36554.38450572464,0,0.5582180023193359,7
3,c44c52a7-42f3-495b-9580-c985542976fe,2025-09-09T07:41:47.274593+00:00,ins#2,adhoc,INTERRUPTED,lefo_mip_v1,,,,2.5386478900909424,7
4,6fe4c1a0-35f3-4583-ac9a-781c1bde19f6,2025-09-09T07:40:55.183314+00:00,ins#2,adhoc,OPTIMAL,lefo_mip_v1,38623.67014175475,38619.85353402558,0.00009881525280139797,25.029692888259888,7
5,ebda02ae-595b-4f32-aec1-469ac8c8bf1c,2025-09-09T07:38:54.963554+00:00,ins#1,adhoc,OPTIMAL,lefo_mip_v2,23234.575297939828,23234.575297939828,0,0.8524649143218994,7
6,a889d1d1-7adf-452a-aa22-51f2dd6c6630,2025-09-09T07:37:06.986931+00:00,ins#1,adhoc,OPTIMAL,lefo_mip_v1,25999.606827935786,25999.606827935786,0,25.645125150680542,7
7,1dcf2456-c4a4-4dab-ac05-4370ae3b8c26,2025-09-09T04:40:26.452365+00:00,ins#4,X3322410,TIME_LIMIT,lefo_mip_v2,1143893.6314368607,1079494.0277595185,0.056298594473726496,300.0437219142914,6
8,4235f4c5-e5da-4c36-868a-5b8fcd198770,2025-09-09T04:35:24.231951+00:00,ins#3,X3322410,TIME_LIMIT,lefo_mip_v2,1178875.3190597515,1097830.249151258,0.06874778748708849,300.06904101371765,6
9,1c965682-9311-468e-9c41-94c81305b259,2025-09-09T04:30:22.376681+00:00,ins#2,X3322410,TIME_LIMIT,lefo_mip_v2,1050992.1438378422,990233.8655550906,0.05781040195113578,300.03102588653564,6
10,f83b9e54-955b-4992-b58a-29c40272ee64,2025-09-09T04:25:20.578066+00:00,ins#3,X3322311,TIME_LIMIT,lefo_mip_v2,1340869.5045967188,1296024.7285808825,0.033444549124356314,300.062952041626,6
11,60a52f70-4096-4155-9f77-a9fb8d96470f,2025-09-09T04:20:18.601008+00:00,ins#2,X3322311,TIME_LIMIT,lefo_mip_v2,1281281.2979053033,1231071.8534901654,0.03918690181244552,300.0589518547058,6
12,b7d4417c-c882-4169-b0d5-d2707a3d21a2,2025-09-09T04:15:16.70597+00:00,ins#1,X3322311,TIME_LIMIT,lefo_mip_v2,1237587.9998589708,1154071.288911547,0.06748345245505034,300.03908586502075,6
13,b1714682-3145-4dd7-854b-439cce859a4f,2025-09-09T04:10:13.874265+00:00,ins#3,X3222311,TIME_LIMIT,lefo_mip_v2,839873.9954890031,776721.3755864357,0.07519296970945966,300.02939796447754,6
14,796009dc-8cb5-4e46-855f-718dcc2a3fed,2025-09-09T04:05:12.387532+00:00,ins#2,X3222311,TIME_LIMIT,lefo_mip_v2,882015.3113795491,832449.9718268206,0.05619555455925582,300.04697489738464,6
15,f97a0904-0e76-4428-8757-734dca9dd365,2025-09-09T04:00:10.473308+00:00,ins#1,X3222311,TIME_LIMIT,lefo_mip_v2,904850.5406997175,819389.7214278181,0.09444744234314419,300.02596282958984,6
16,984690e5-1258-4777-8b57-06e1d3aa659d,2025-09-09T03:55:08.762018+00:00,ins#3,X3322412,TIME_LIMIT,lefo_mip_v2,1589447.079722246,1511792.682841508,0.048856233007963996,300.062166929245,6
17,4767a538-ab78-4e78-8568-80234e7702aa,2025-09-09T03:50:06.226126+00:00,ins#2,X3322412,INFEASIBLE,lefo_mip_v2,,,,0.5516200065612793,6
18,fbd2de83-19a6-45c9-b673-568c80f0f6d3,2025-09-09T03:49:57.404223+00:00,ins#1,X3322412,TIME_LIMIT,lefo_mip_v2,1515840.3991907549,1427945.9356116615,0.05798398276363171,300.0531361103058,6
19,fd345162-0566-4f96-8d81-7af65420125d,2025-09-09T03:44:55.675192+00:00,ins#3,X3322312,TIME_LIMIT,lefo_mip_v2,1728608.99382491,1629376.516550534,0.05740597071336723,300.0641441345215,6
20,f0c4f784-7e22-426f-911d-bc37bd5849d9,2025-09-09T03:39:53.398545+00:00,ins#2,X3322312,TIME_LIMIT,lefo_mip_v2,1459651.628173629,1402532.3966370283,0.03913209866937255,300.0504319667816,6
21,891c4a3f-2489-4693-b88d-a85e90d9a8c1,2025-09-09T03:34:51.240861+00:00,ins#1,X3322312,TIME_LIMIT,lefo_mip_v2,1640640.196707841,1551901.7073775998,0.05408772106663399,300.08922696113586,6
22,45954ac9-770d-4d8a-8da2-55affc720b70,2025-09-09T03:29:48.906075+00:00,ins#3,X3322212,TIME_LIMIT,lefo_mip_v2,1528296.1012896905,1440626.7102940015,0.0573641396596556,300.0291838645935,6
23,77a1a85a-72a7-4545-b33f-11f1dd34a490,2025-09-09T03:24:46.964426+00:00,ins#2,X3322212,TIME_LIMIT,lefo_mip_v2,1471986.9055733983,1373576.9437743635,0.0668551883351844,300.0249319076538,6
24,ecfe5790-889a-4f73-b336-c4f0035a1787,2025-09-09T03:19:44.97251+00:00,ins#1,X3322212,TIME_LIMIT,lefo_mip_v2,1343883.7885759945,1249812.399460064,0.06999964573991209,300.0457570552826,6
25,0852c32c-9924-444b-b914-985b1125ee37,2025-09-09T03:14:43.146799+00:00,ins#3,X3322210,TIME_LIMIT,lefo_mip_v2,1125374.5422058927,1071215.0639990177,0.04812573607779933,300.0327959060669,6
26,0ebbb730-3d59-4c2d-8345-e6484a49fe2c,2025-09-09T03:09:41.361066+00:00,ins#2,X3322210,TIME_LIMIT,lefo_mip_v2,1108894.0262289161,1035643.6564975388,0.06605714161928021,300.0332279205322,6
27,b2477561-8ec0-457e-8332-1b6476430a96,2025-09-09T03:04:39.200851+00:00,ins#1,X3322210,TIME_LIMIT,lefo_mip_v2,1260312.0355875501,1219425.770601858,0.032441382634762574,300.0255491733551,6
28,a1f1a737-b96a-4092-af04-960fd7eda6e0,2025-09-09T02:59:37.833931+00:00,ins#3,X3222312,TIME_LIMIT,lefo_mip_v2,1051689.4137847337,965718.241297438,0.08174578098861876,300.0409369468689,6
29,e1e08971-f863-479c-9537-7f808884fae2,2025-09-09T02:54:36.436143+00:00,ins#2,X3222312,INFEASIBLE,lefo_mip_v2,,,,0.777493953704834,6
30,e2232c71-44b2-4e68-a036-f3dc3cb8943a,2025-09-09T02:54:29.360244+00:00,ins#1,X3222312,TIME_LIMIT,lefo_mip_v2,1023524.9381693383,927769.9777808894,0.09355410583323434,300.0302879810333,6
31,a369efdb-42bc-436f-8356-8ecdf49e64fb,2025-09-09T02:49:27.404088+00:00,ins#3,X3222411,TIME_LIMIT,lefo_mip_v2,829399.9663910444,768445.3184224549,0.07349246496092905,300.040314912796,6
32,d3dba188-80fc-465b-a709-20ca3f715c61,2025-09-09T02:44:25.685162+00:00,ins#2,X3222411,TIME_LIMIT,lefo_mip_v2,944230.7709551082,882492.2947706515,0.06538494410853295,300.03635907173157,6
33,459ceca7-e47d-4838-a4e3-7f667f8f7c3e,2025-09-09T02:39:23.0546+00:00,ins#1,X3222411,TIME_LIMIT,lefo_mip_v2,877724.5343312852,802425.376252539,0.08578905469027887,300.0294189453125,6
34,b5ea6d51-61e2-4827-be6f-16c300826124,2025-09-09T02:34:21.278856+00:00,ins#5,X3222410,TIME_LIMIT,lefo_mip_v2,683801.5318379706,642143.1581699232,0.06092173200617877,300.0332250595093,6
35,02718684-b0aa-442c-a3ae-4579d889c712,2025-09-09T02:29:19.310563+00:00,ins#4,X3222410,TIME_LIMIT,lefo_mip_v2,754709.1335996478,704513.4006254344,0.06651003776090628,300.0557208061218,6
36,48df8403-a3c7-4fd8-9423-b809c018dab4,2025-09-09T02:24:17.614347+00:00,ins#3,X3222410,TIME_LIMIT,lefo_mip_v2,756289.046084688,690103.41911761,0.0875136659848789,300.03373408317566,6
37,131441cb-f49a-4f6c-a0cd-f30c638c873a,2025-09-09T02:19:15.334087+00:00,ins#3,X322228,TIME_LIMIT,lefo_mip_v2,580552.7198703714,553027.5848208261,0.04741194745533406,300.03852796554565,6
38,c8e2e49a-0192-4760-806d-d919c8997028,2025-09-09T02:14:13.657596+00:00,ins#2,X322228,TIME_LIMIT,lefo_mip_v2,572009.9172064862,556455.9096148494,0.027191849518269993,300.0217249393463,6
39,6cb74b0d-40d7-4bd3-8bb4-81784a887b2c,2025-09-09T02:09:11.390539+00:00,ins#1,X322228,TIME_LIMIT,lefo_mip_v2,580072.1900371885,549644.5630904178,0.0524548969410514,300.027193069458,6
40,b72e226c-6b05-4233-bdd4-340d28e7ca1c,2025-09-09T02:04:09.079352+00:00,ins#3,X3222212,TIME_LIMIT,lefo_mip_v2,1019907.8316411761,952796.6748301013,0.06580119764653974,300.03261399269104,6
41,f0716272-25b1-405a-8d5f-0cbfedb981ed,2025-09-09T01:59:07.656883+00:00,ins#2,X3222212,TIME_LIMIT,lefo_mip_v2,1040505.8631599073,983134.5090753455,0.05513794406725496,300.02436089515686,6
42,44bbfcc7-a126-4e81-8c81-0402831f6007,2025-09-09T01:54:05.455342+00:00,ins#1,X3222212,TIME_LIMIT,lefo_mip_v2,1019484.3703187136,947906.9663166476,0.07020941770759007,300.03420996665955,6
43,7cf0d135-06af-45a2-91dd-f25d8a6c8b6c,2025-09-09T01:49:04.083839+00:00,ins#3,X3322310,TIME_LIMIT,lefo_mip_v2,1035975.2228755313,990525.74779753,0.043871198919070924,300.06080412864685,6
44,5840392d-fd41-4325-ad00-4c6f011b31fc,2025-09-09T01:44:01.095172+00:00,ins#2,X3322310,TIME_LIMIT,lefo_mip_v2,1089381.4332138603,1053308.6053560942,0.033113128935330846,300.05327916145325,6
45,af8944d6-cde3-45b7-bbcc-814bda2e588a,2025-09-09T01:38:58.904245+00:00,ins#1,X3322310,TIME_LIMIT,lefo_mip_v2,1057393.0992766744,987669.4790376262,0.0659391670767889,300.05603098869324,6
46,8a12c743-81c4-4a93-8408-690fa8f091cf,2025-09-09T01:33:57.335977+00:00,ins#4,X3222310,TIME_LIMIT,lefo_mip_v2,727698.407881469,685055.857951793,0.05859920740217123,300.074383020401,6
47,b075d6cd-a675-4153-a693-2f6cdf0b44b9,2025-09-09T01:28:55.860854+00:00,ins#3,X3222310,TIME_LIMIT,lefo_mip_v2,879505.5275054314,817702.5078364208,0.07027018902803767,300.0310368537903,6
48,d5c768b9-9d9f-4682-a4fa-8fb6c79207b8,2025-09-09T01:23:54.181259+00:00,ins#2,X3222310,TIME_LIMIT,lefo_mip_v2,771127.5948225068,718396.3346688092,0.06838201681245101,300.033931016922,6
49,3a608a6d-bed2-4af8-ab3e-f5879d6fd7ff,2025-09-09T01:18:52.537272+00:00,ins#3,X3222210,TIME_LIMIT,lefo_mip_v2,714990.9365444332,668869.8235542895,0.06450587081991284,300.03767800331116,6
50,83dd600d-a0b2-4858-b67f-5363af1b5349,2025-09-09T01:13:50.636035+00:00,ins#2,X3222210,TIME_LIMIT,lefo_mip_v2,750497.4379095737,719160.2878373243,0.041755172621955196,300.0331699848175,6
51,583c9b90-16d0-4706-acc0-2edada948e15,2025-09-09T01:08:49.407025+00:00,ins#1,X3222210,TIME_LIMIT,lefo_mip_v2,702444.7630754387,665338.5896737434,0.0528243291888708,300.0179588794708,6
52,8aee02cf-6c00-432b-a3cc-ce51af718f79,2025-09-09T01:03:47.517543+00:00,ins#3,X3222412,TIME_LIMIT,lefo_mip_v2,1031888.3625267202,959541.6401678947,0.07011099745487451,300.02853512763977,6
53,f149aac3-9e1c-4c5d-bfc6-34d4c8793651,2025-09-09T00:58:46.008715+00:00,ins#2,X3222412,TIME_LIMIT,lefo_mip_v2,910763.8746317638,831974.8182378539,0.0865087632354385,300.0410370826721,6
54,4f44dfbb-efff-4b9c-9816-5461ea104c7e,2025-09-09T00:53:44.35263+00:00,ins#1,X3222412,TIME_LIMIT,lefo_mip_v2,1023762.5994053616,922464.3478937837,0.09894701327281888,300.0416970252991,6
55,a1a4f16d-958b-4743-9cbe-2b46d917ac73,2025-09-09T00:48:42.790819+00:00,ins#4,X322248,TIME_LIMIT,lefo_mip_v2,579793.048391816,539243.1238354451,0.06993861804456779,300.0298550128937,6
56,b3af6a66-cc52-435c-8647-1fad283959fb,2025-09-09T00:43:41.140373+00:00,ins#3,X322248,TIME_LIMIT,lefo_mip_v2,581976.4044165178,559466.9109798524,0.03867767364079498,300.0355050563812,6
57,f8c12914-e8a6-45f5-b1c1-b915fd447ca8,2025-09-09T00:38:38.936449+00:00,ins#2,X322248,TIME_LIMIT,lefo_mip_v2,602037.3863446582,568940.2459884692,0.05497522430814841,300.0343368053436,6
58,b92e6cf9-01bc-4d11-8ecb-424a517357cb,2025-09-09T00:33:37.432009+00:00,ins#3,X322238,TIME_LIMIT,lefo_mip_v2,604067.556095563,569983.1622917599,0.0564248045766772,300.0304729938507,6
59,480caaa3-01f0-4b67-b005-ef5f6be591f7,2025-09-09T00:28:35.339584+00:00,ins#2,X322238,TIME_LIMIT,lefo_mip_v2,568605.5943914587,543575.6052079092,0.04401994885459644,300.0305829048157,6
60,58357e44-e0bb-496f-927e-84714d5a6765,2025-09-09T00:23:33.571975+00:00,ins#1,X322238,TIME_LIMIT,lefo_mip_v2,598622.3586982887,577425.9092034362,0.035408716675642354,300.02849102020264,6
61,8f65fe52-126a-4cfd-99c1-94f3c4c506db,2025-09-09T00:18:32.056248+00:00,ins#3,X332248,TIME_LIMIT,lefo_mip_v2,851327.2271646834,826762.9160685777,0.028854135416197524,300.03289794921875,6
62,08ba0e23-7a18-4581-bb93-4dc24af9281f,2025-09-09T00:13:29.982255+00:00,ins#2,X332248,TIME_LIMIT,lefo_mip_v2,977080.4363328264,949539.0859745356,0.028187393109270403,300.0553650856018,6
63,fc1781bc-5330-49e3-b6a9-bddfcd46a003,2025-09-09T00:08:27.816649+00:00,ins#1,X332248,TIME_LIMIT,lefo_mip_v2,879899.8815976998,833398.8558891753,0.05284808724384544,300.03994512557983,6
64,3bf0d598-c419-4d35-801f-3b800a404614,2025-09-09T00:03:25.727761+00:00,ins#3,X3322211,TIME_LIMIT,lefo_mip_v2,1229058.41665846,1182456.7616580515,0.03791655007506322,300.04283809661865,6
65,9a299a36-89cb-4f30-82d9-38088ad8855e,2025-09-08T23:58:22.987442+00:00,ins#2,X3322211,TIME_LIMIT,lefo_mip_v2,1325049.2982033067,1257281.5476387592,0.05114356926677128,300.03791213035583,6
66,4dd2a717-d0a8-41bb-820a-aba35f36b5bd,2025-09-08T23:53:21.422792+00:00,ins#1,X3322211,TIME_LIMIT,lefo_mip_v2,1416847.3442354624,1329591.968032348,0.061584175993355035,300.02858710289,6
67,74aa8d11-d603-4d7e-85df-c8380fd30293,2025-09-08T23:48:19.88415+00:00,ins#4,X332228,TIME_LIMIT,lefo_mip_v2,867219.51797322,822974.2488715491,0.051019687846828574,300.0318548679352,6
68,dfe0873e-c8a6-444c-97af-8d8646ff958b,2025-09-08T23:43:18.22848+00:00,ins#3,X332228,TIME_LIMIT,lefo_mip_v2,897427.4030834433,856336.610599542,0.04578731643664843,300.0272958278656,6
69,419e5517-17e9-4f7e-b2ea-51d289d5d762,2025-09-08T23:38:16.394528+00:00,ins#2,X332228,TIME_LIMIT,lefo_mip_v2,888330.3478392769,845223.0977188873,0.04852614821191373,300.0394358634949,6
70,f0ad93b9-6ecb-464e-add6-06d6c82345df,2025-09-08T23:33:14.367465+00:00,ins#3,X332238,TIME_LIMIT,lefo_mip_v2,936452.826401732,895159.3066992662,0.04409567523132362,300.0553979873657,6
71,d63f9e3f-4a4f-4be5-a9c9-b55868794202,2025-09-08T23:28:11.520142+00:00,ins#2,X332238,TIME_LIMIT,lefo_mip_v2,914987.0026773879,873824.9678390125,0.04498646944484367,300.050176858902,6
72,5cab1d53-ef69-444f-a63f-65cfb6cd341f,2025-09-08T23:23:09.203469+00:00,ins#1,X332238,TIME_LIMIT,lefo_mip_v2,824528.4141162143,787908.0365910867,0.04441372413390972,300.0319621562958,6
73,914bb2ce-fb2d-4f58-aa73-e93ad38360bb,2025-09-08T23:18:06.965005+00:00,ins#3,X3322411,TIME_LIMIT,lefo_mip_v2,1180149.9178704557,1104478.572947613,0.06412011201033621,300.07634711265564,6
74,2656e6ff-7280-4c9d-8704-19d22d7a70e2,2025-09-08T23:13:04.75414+00:00,ins#2,X3322411,TIME_LIMIT,lefo_mip_v2,1663701.7886536922,1593413.121648132,0.04224835693807808,300.0333790779114,6
75,e5dd9648-25b4-4d48-96f5-9c27c6ac363c,2025-09-08T23:08:02.593929+00:00,ins#1,X3322411,TIME_LIMIT,lefo_mip_v2,1248440.0968391376,1149409.069729547,0.07932381165930368,300.26620292663574,6
76,cf27037b-4663-4ed5-8fa7-694d95d0d26b,2025-09-08T23:03:00.252014+00:00,ins#3,X3222211,TIME_LIMIT,lefo_mip_v2,850759.0230422876,790633.6877998408,0.07067258014783133,300.0181200504303,6
77,d0ede9d5-2307-4871-89d4-4fae1a118a9d,2025-09-08T22:57:57.279591+00:00,ins#2,X3222211,TIME_LIMIT,lefo_mip_v2,779179.5286995112,732409.1840015124,0.06002511998237535,300.0284960269928,6
78,65a674b0-ad23-4df3-b8af-66afbe542da5,2025-09-08T22:52:54.626554+00:00,ins#1,X3222211,TIME_LIMIT,lefo_mip_v2,842318.0402371568,790189.4067538847,0.06188711507187368,300.018443107605,6
79,1d15889e-5104-418c-ae31-99a53d5ac817,2025-09-08T22:26:57.233263+00:00,ins#2,X3222410,INTERRUPTED,lefo_mip_v2,923335.5832586138,687773.4547606943,0.25512081714275464,21.99487018585205,6
80,f7715c40-50a1-40e3-a10a-f6945df518f0,2025-09-08T21:14:33.983786+00:00,ins#1,X221216,TIME_LIMIT,lefo_mip_v2,341699.86991509213,340019.1754272224,0.00491862782472633,300.2740001678467,5
81,3ec406d3-8882-4205-ab16-4fdf60c31317,2025-09-08T21:09:31.639615+00:00,ins#1,X2221410,TIME_LIMIT,lefo_mip_v2,345005.094191288,321357.56697449327,0.06854254506654722,300.2460000514984,5
82,44ba710c-dd55-410a-8a33-96d35fb16c42,2025-09-08T21:04:29.814999+00:00,ins#1,X322258,TIME_LIMIT,lefo_mip_v2,617157.1723395393,595815.434987976,0.03458071672514207,300.23099994659424,5
83,64d51fe2-4eef-4864-96b2-6ceef4da715f,2025-09-08T20:59:27.302576+00:00,ins#1,X311241,OPTIMAL,lefo_mip_v2,110929.50263959647,110919.62204923251,0.00008907089754165836,79.53900003433228,5
84,566d6462-8491-43b0-bd36-65f3cc779792,2025-09-08T20:58:06.293662+00:00,ins#1,X1222110,TIME_LIMIT,lefo_mip_v2,479813.1976582354,474857.78290036035,0.010327800031471214,300.13300013542175,5
85,44ddc5d4-d5c5-4c40-a5c1-bbf2af9451ba,2025-09-08T20:53:04.54389+00:00,ins#2,X132218,TIME_LIMIT,lefo_mip_v2,522567.64266734786,518577.19196064805,0.007636237648261769,300.3420000076294,5
86,9000826f-5de5-4675-abad-b3ffd7a89a95,2025-09-08T20:48:01.663682+00:00,ins#1,X131226,TIME_LIMIT,lefo_mip_v2,317307.8452520479,315752.5846898417,0.004901424863828246,300.14800000190735,5
87,f0f07a28-6ed6-453e-a5fc-a61de87c5e15,2025-09-08T20:42:59.494587+00:00,ins#2,X332218,TIME_LIMIT,lefo_mip_v2,904003.3179202016,885450.1282926282,0.020523364527309282,300.1180000305176,5
88,5bc85a61-135d-44d7-b9f2-0a12a000f7de,2025-09-08T20:37:57.454621+00:00,ins#1,X331254,TIME_LIMIT,lefo_mip_v2,490805.3750960111,489836.3076235051,0.0019744434793860944,300.27300000190735,5
89,ed1bf387-541a-4ad8-af46-9fdeb9a389b0,2025-09-08T20:32:55.166783+00:00,ins#1,X3311110,TIME_LIMIT,lefo_mip_v2,653967.8116047239,649504.2298960356,0.006825384414158598,300.12599992752075,5
90,196fe1e1-00d2-40da-810e-5c9975080585,2025-09-08T20:27:52.9537+00:00,ins#1,X221234,TIME_LIMIT,lefo_mip_v2,260606.26163029484,259290.23083601694,0.005049881710612429,300.22000002861023,5
91,b0dacd1e-553e-4906-ae8c-574a489599e7,2025-09-08T20:22:51.140596+00:00,ins#1,X321214,TIME_LIMIT,lefo_mip_v2,351762.98727974424,350273.281031598,0.004234971563285992,300.1380000114441,5
92,7e599178-897d-4e20-8b3f-37912b72e03e,2025-09-08T20:17:48.822195+00:00,ins#1,X232133,TIME_LIMIT,lefo_mip_v2,209200.522364925,208681.92277105644,0.002478959363992085,300.2019999027252,5
93,0c9bf317-55a1-48bc-b1a1-bcea821427e6,2025-09-08T20:12:46.578383+00:00,ins#1,X111216,TIME_LIMIT,lefo_mip_v2,122431.330015546,121810.76253447279,0.005068698355187502,300.1670000553131,5
94,fb64fbc5-db84-46c5-a62a-ea9c9d33d42e,2025-09-08T20:07:44.742538+00:00,ins#1,X312138,TIME_LIMIT,lefo_mip_v2,188126.9640948907,176946.01332365893,0.05943300485937847,300.11500000953674,5
95,c228d378-2e17-4ca3-acac-dccc8f38fc45,2025-09-08T20:02:42.938403+00:00,ins#1,X211118,TIME_LIMIT,lefo_mip_v2,145084.4417649603,139571.4753979098,0.03799832911086101,300.31199979782104,5
96,ae55f091-1fd6-4ae9-90f4-deae38cecf6f,2025-09-08T19:57:40.934955+00:00,ins#1,X3322410,TIME_LIMIT,lefo_mip_v2,1103864.1565349293,987727.3980001131,0.10520928489912547,300.4409999847412,5
97,02277b00-514b-40f2-a0ce-b19d8b4ba07b,2025-09-08T19:52:38.408722+00:00,ins#1,X121248,TIME_LIMIT,lefo_mip_v2,293006.2193311588,287098.7899546383,0.02016144705052785,300.231999874115,5
98,8844a7bf-5392-4dae-bcef-cd38946a8e98,2025-09-08T19:47:36.471084+00:00,ins#1,X232153,TIME_LIMIT,lefo_mip_v2,211867.2899542438,211290.4221015619,0.002722779211488864,300.3270001411438,5
99,4d3c1a0d-4e4c-44e5-a0a7-1089fbdb5d0a,2025-09-08T19:42:34.030426+00:00,ins#1,X222158,TIME_LIMIT,lefo_mip_v2,291931.7901378318,282740.0635203135,0.03148587076857437,300.1509997844696,5
100,32fd2404-87be-41b3-be6b-ccab63cf1326,2025-09-08T19:37:32.345243+00:00,ins#1,X232221,TIME_LIMIT,lefo_mip_v2,263278.8833044636,263226.351785648,0.0001995280371759255,300.25600004196167,5
101,c8f9cf7c-701b-4e76-9bd9-0402fe876dc0,2025-09-08T19:32:29.659796+00:00,ins#1,X222238,TIME_LIMIT,lefo_mip_v2,462693.65792493615,451683.7064965908,0.02379533680604612,300.2759997844696,5
102,7c2ae3d9-7d79-417f-bc87-f16efb17331d,2025-09-08T19:27:27.314625+00:00,ins#1,X131216,TIME_LIMIT,lefo_mip_v2,331510.1549342783,330730.53185459314,0.002351732120663709,300.24900007247925,5
103,eba88e6a-7b7e-483c-b58f-3c49ba365b24,2025-09-08T19:22:25.221613+00:00,ins#1,X222124,TIME_LIMIT,lefo_mip_v2,168224.69955034088,167159.33021156074,0.006333013770438254,300.14999985694885,5
104,791afd32-062c-4315-a4a4-329689a352b3,2025-09-08T19:17:23.455735+00:00,ins#1,X221143,TIME_LIMIT,lefo_mip_v2,137661.21354751877,137309.99546357332,0.002551322009261647,300.1670000553131,5
105,cb4d458a-2664-4698-9188-6332857cf85d,2025-09-08T19:12:21.507752+00:00,ins#1,X2111410,TIME_LIMIT,lefo_mip_v2,153321.51050817905,141639.5662421421,0.07619246788867101,300.1820001602173,5
106,05f004f8-7028-4dcf-aa55-14b3a4822e07,2025-09-08T19:07:19.761254+00:00,ins#1,X322248,TIME_LIMIT,lefo_mip_v2,613025.7718979984,568961.1347854651,0.0718805621762102,300.20300006866455,5
107,a7cb6a8a-24c9-47d3-95e1-6b7dab8a64f5,2025-09-08T19:02:17.543676+00:00,ins#2,X322213,TIME_LIMIT,lefo_mip_v2,324923.4456595337,324177.5876415128,0.0022954884542325735,300.12999987602234,5
108,d72788d9-2d08-4f1f-87de-a49284ca017d,2025-09-08T18:57:15.715867+00:00,ins#1,X221123,TIME_LIMIT,lefo_mip_v2,139848.83219775642,139639.72283688546,0.0014952528210980525,300.2229998111725,5
109,5cccacfd-956c-42b8-9a8d-608328654ea2,2025-09-08T18:52:13.226336+00:00,ins#1,X122114,TIME_LIMIT,lefo_mip_v2,114904.5939028376,114369.1210301545,0.004660151996497947,300.23799991607666,5
110,44aafd64-a003-4876-9596-c354853c5cb7,2025-09-08T18:47:11.055827+00:00,ins#1,X131253,TIME_LIMIT,lefo_mip_v2,229913.39483191725,229751.60716587753,0.0007036896052010979,300.24399995803833,5
111,c2477817-43d3-4ef4-87bb-fa6006bfb891,2025-09-08T18:42:08.911461+00:00,ins#1,X112138,TIME_LIMIT,lefo_mip_v2,112932.62278511899,109015.99099131349,0.034681137276496424,300.15700006484985,5
112,5ac774c2-cd64-4551-acff-c9429bc3a1d3,2025-09-08T18:37:07.044616+00:00,ins#1,X212141,OPTIMAL,lefo_mip_v2,52297.443248682095,52293.143050330604,0.00008222578551389858,24.735999822616577,5
113,454e76fd-2377-4169-aa69-b52671dd4716,2025-09-08T18:36:41.127157+00:00,ins#1,X212121,OPTIMAL,lefo_mip_v2,56500.60693935847,56497.621986772065,0.000052830451708393286,28.656999826431274,5
114,a840258b-32af-4e7f-aa0b-c19d8fb7501a,2025-09-08T18:36:11.415762+00:00,ins#1,X112253,TIME_LIMIT,lefo_mip_v2,77300.68538911769,77108.99170575014,0.0024798445499233457,300.12900018692017,5
115,9cd53a6c-40cd-40fa-a0b5-f2a51c9a28ef,2025-09-08T18:31:09.753519+00:00,ins#2,X321138,TIME_LIMIT,lefo_mip_v2,354357.3571096593,338693.20270083135,0.04420440014733636,300.1560001373291,5
116,56c28789-2759-4462-92e9-f5532f8f8eb8,2025-09-08T18:26:06.993016+00:00,ins#2,X232228,TIME_LIMIT,lefo_mip_v2,739994.5689088678,726135.9511027733,0.01872799935076441,300.2650001049042,5
117,36c37c82-ce48-4bfc-86c3-8f7fcfa23ab6,2025-09-08T18:21:04.939037+00:00,ins#2,X212128,TIME_LIMIT,lefo_mip_v2,143010.6778096969,136240.64531071312,0.047339349779130534,300.2000000476837,5
118,5eb6d807-72fa-4cf8-805f-dfc433158d8c,2025-09-08T18:16:02.747231+00:00,ins#1,X111243,OPTIMAL,lefo_mip_v2,69043.66129863782,69043.66129310838,8.008608820088642e-11,90.57800006866455,5
119,c4df9623-934b-4b05-9c92-3bf9dc32aa7b,2025-09-08T18:14:30.787316+00:00,ins#1,X1221110,TIME_LIMIT,lefo_mip_v2,265873.0877675179,260599.98798016747,0.01983314607592505,300.12800002098083,5
120,5854ffa7-b393-41b9-80ef-e9c42188b650,2025-09-08T18:09:29.133521+00:00,ins#1,X222226,TIME_LIMIT,lefo_mip_v2,339065.0146207664,332318.1957195741,0.019898304485168977,300.1949999332428,5
121,ff02b346-e03c-4c8d-bf63-fdee108f577d,2025-09-08T18:04:27.068834+00:00,ins#2,X3111410,TIME_LIMIT,lefo_mip_v2,231726.59598387874,208793.95348223948,0.09896422292085406,300.09999990463257,5
122,bdc7b546-4ef6-4d35-b848-97c74519b6d5,2025-09-08T17:59:24.610993+00:00,ins#1,X212241,OPTIMAL,lefo_mip_v2,86775.42118704837,86769.62568595655,0.00006678735767044716,38.486000061035156,5
123,77103d71-b69d-44a5-8f15-12933df6efb0,2025-09-08T17:58:44.602822+00:00,ins#1,X122231,OPTIMAL,lefo_mip_v2,118784.30654423653,118773.66090144374,0.00008962162681672874,44.152000188827515,5
124,010e9e4d-d0fe-42f0-bf8f-b234fc0b7b30,2025-09-08T17:57:59.314862+00:00,ins#2,X132131,OPTIMAL,lefo_mip_v2,109028.38262158862,109018.45704428604,0.00009103663710236872,29.171000003814697,5
125,2406751a-97d0-44f9-8cca-7e05dbd41ba0,2025-09-08T17:57:29.070964+00:00,ins#1,X112228,INFEASIBLE,lefo_mip_v2,,,,0.05200004577636719,5
126,ea162f83-b29c-4031-ba58-9a10207a7a1a,2025-09-08T17:57:27.305046+00:00,ins#1,X231141,OPTIMAL,lefo_mip_v2,162060.20701065072,162044.04864523228,0.00009970594087525796,170.35599994659424,5
127,280d4a32-b9d9-489d-8aa9-c650e1501a59,2025-09-08T17:54:35.139847+00:00,ins#1,X2122410,TIME_LIMIT,lefo_mip_v2,338827.1803062282,318337.0687117778,0.06047363607586526,300.14299988746643,5
128,2ffdbde0-b314-4e6e-8927-d34671e265bd,2025-09-08T17:49:32.955175+00:00,ins#1,X332156,TIME_LIMIT,lefo_mip_v2,431292.908338243,414949.80018247216,0.03789329209872778,300.3310000896454,5
129,43405d9e-5f58-4de4-9d17-ca2a06fd24c2,2025-09-08T17:44:30.506006+00:00,ins#1,X111136,OPTIMAL,lefo_mip_v2,67126.84502116962,67126.8450211696,0,54.62599992752075,5
130,b2dab3f3-f6d6-4bd1-9f45-f8d73ca7796e,2025-09-08T17:43:34.334777+00:00,ins#1,X311236,TIME_LIMIT,lefo_mip_v2,223837.84909590805,216200.40525779076,0.034120430789365164,300.1439998149872,5
131,a3c6fa94-f3d3-4bf2-a0a1-2fdf3f6a38da,2025-09-08T17:38:32.510781+00:00,ins#1,X111256,TIME_LIMIT,lefo_mip_v2,111602.85710299734,110551.79040000701,0.009417919310258396,300.0680000782013,5
132,4b6e899e-97ff-41d4-aa6d-2c5660a04db6,2025-09-08T17:33:30.363713+00:00,ins#1,X331113,TIME_LIMIT,lefo_mip_v2,274729.8740425984,274200.9152676177,0.0019253777071900147,300.1439998149872,5
133,fa8c91a1-db53-4795-8d91-e0251969115d,2025-09-08T17:28:28.256558+00:00,ins#2,X111111,OPTIMAL,lefo_mip_v2,35801.061081185995,35801.061079087594,5.86128082373645e-11,1.558000087738037,5
134,8cf59c02-1958-455a-9d8f-dad5f7fa6d70,2025-09-08T17:28:25.499216+00:00,ins#1,X3122110,TIME_LIMIT,lefo_mip_v2,454067.67576936586,430529.26010137796,0.05183900313561131,300.13300013542175,5
135,a4c9f3ee-0cca-4084-b70a-e21cb40c4b3a,2025-09-08T17:23:23.310249+00:00,ins#1,X332158,TIME_LIMIT,lefo_mip_v2,578187.8426095877,546002.7682855803,0.055665429039018804,300.3340001106262,5
136,b49e698c-89a5-43ac-8046-fd320c3b5976,2025-09-08T17:18:20.740187+00:00,ins#1,X322214,TIME_LIMIT,lefo_mip_v2,367748.70718055574,365580.8634223699,0.005894905178066338,300.1640000343323,5
137,3d7f7dd8-33e7-4811-970e-61e2e92d328f,2025-09-08T17:13:19.116293+00:00,ins#1,X222251,TIME_LIMIT,lefo_mip_v2,179307.00545200502,179273.35148977322,0.00018768905401636565,300.47499990463257,5
138,8295ddf9-6fd8-4b4b-a995-4a6086c536cf,2025-09-08T17:08:16.499988+00:00,ins#1,X221144,TIME_LIMIT,lefo_mip_v2,154491.74686322676,154118.98267643107,0.0024128420732124722,300.1400001049042,5
139,ea3597ec-ddfb-4ea3-83ea-33d4a323b093,2025-09-08T17:03:14.491341+00:00,ins#1,X322246,TIME_LIMIT,lefo_mip_v2,452414.07722996455,431695.73905992374,0.04579507847522075,300.19600009918213,5
140,dd96b5d3-d1e1-4bb2-b450-fbc4d4c525d2,2025-09-08T16:58:12.285749+00:00,ins#1,X212146,TIME_LIMIT,lefo_mip_v2,107443.37754291722,103290.54930906893,0.03865131875800804,300.14400005340576,5
141,2b644110-aaf0-4ad4-b072-0efe5b2607ae,2025-09-08T16:53:09.907807+00:00,ins#1,X111221,OPTIMAL,lefo_mip_v2,57158.42381970694,57158.42381970694,0,1.4159998893737793,5
142,ce9cfc61-9071-4818-82a2-69b451bba91e,2025-09-08T16:53:07.387924+00:00,ins#1,X332134,TIME_LIMIT,lefo_mip_v2,328211.07087439555,326330.43740309856,0.005729951358090206,300.1800000667572,5
143,2d10b0f2-c22e-44f8-9e61-79821fe7590b,2025-09-08T16:48:05.293006+00:00,ins#1,X221244,TIME_LIMIT,lefo_mip_v2,249877.96631845174,248790.3075130956,0.004352759954713191,300.1840000152588,5
144,24ed830d-ba07-413c-9cd0-0b4c0ecc2147,2025-09-08T16:43:03.181646+00:00,ins#1,X312238,TIME_LIMIT,lefo_mip_v2,294615.2355183165,278676.6631222,0.054099620367819,300.12400007247925,5
145,76698719-c8cf-4caf-91ce-fe54bbafa965,2025-09-08T16:38:01.642982+00:00,ins#1,X331214,TIME_LIMIT,lefo_mip_v2,522483.32014599023,520287.441342083,0.004202773024971762,300.154000043869,5
146,23a6fc0b-6b38-493d-9cfd-20dc836432f6,2025-09-08T16:32:59.446406+00:00,ins#1,X322211,OPTIMAL,lefo_mip_v2,258625.76286487753,258600.07985622436,0.0000993056854377976,74.95800018310547,5
147,f5aabc21-6c46-4c2f-b1e9-c8d4e7054675,2025-09-08T16:31:42.29325+00:00,ins#1,X3111510,TIME_LIMIT,lefo_mip_v2,218737.73779061023,195760.2062654735,0.10504603255581024,300.1270000934601,5
148,41856cba-8293-4cf2-ac0a-c6edf9be7e9b,2025-09-08T16:26:40.327825+00:00,ins#1,X131214,TIME_LIMIT,lefo_mip_v2,256805.32871766386,256754.8497061793,0.00019656528054394382,300.4470000267029,5
149,e8011925-453a-4b9a-a1e2-ce37f4663caa,2025-09-08T16:21:37.400162+00:00,ins#1,X231143,TIME_LIMIT,lefo_mip_v2,216733.2210318278,216394.55703956838,0.0015625845943095405,300.2339999675751,5
150,bbbd9553-73f3-4351-bf1e-4b908a942925,2025-09-08T16:16:35.360279+00:00,ins#1,X221226,TIME_LIMIT,lefo_mip_v2,315100.30024990777,313676.17779578734,0.00451958456717099,300.13100004196167,5
151,b4ec1cf8-5e0a-4bdb-b0cb-a4f3ada46a25,2025-09-08T16:11:33.813239+00:00,ins#1,X222141,TIME_LIMIT,lefo_mip_v2,112723.33282083477,112696.73645904496,0.0002359437139077642,300.3819999694824,5
152,af9b7f1e-edfd-46df-939b-5bd47a084063,2025-09-08T16:06:31.809497+00:00,ins#1,X232253,TIME_LIMIT,lefo_mip_v2,344884.9713534844,343898.94288114685,0.0028590067826611914,300.27699995040894,5
153,06065039-f937-440c-b8c0-095d7473fc1e,2025-09-08T16:01:29.037751+00:00,ins#1,X2311110,TIME_LIMIT,lefo_mip_v2,525916.7401648298,517867.7016507913,0.01530477716209567,300.10199999809265,5
154,e752b9ca-f396-4f41-9aee-07114a5ac25d,2025-09-08T15:56:26.620022+00:00,ins#1,X322226,TIME_LIMIT,lefo_mip_v2,459689.7138973667,440166.94245361123,0.04246945462024034,300.1579999923706,5
155,1b177362-55bc-409a-a5b9-e6d07f2f9473,2025-09-08T15:51:24.403446+00:00,ins#1,X132138,TIME_LIMIT,lefo_mip_v2,315178.3945677367,312128.4259579126,0.009676959659646501,300.2190001010895,5
156,13184843-45fd-4dab-b32c-3815126f3ce3,2025-09-08T15:46:22.516617+00:00,ins#1,X221138,TIME_LIMIT,lefo_mip_v2,268023.1669106297,259358.88954295305,0.03232659873228684,300.16100001335144,5
157,6727e1ce-653a-41b0-bc9d-5aa66600935c,2025-09-08T15:41:20.443737+00:00,ins#2,X222253,TIME_LIMIT,lefo_mip_v2,238201.51036052604,236952.95173495892,0.005241606670240616,300.2169997692108,5
158,3d800c8e-c74e-48e0-a1ce-de668920b5a6,2025-09-08T15:36:18.066939+00:00,ins#1,X231148,TIME_LIMIT,lefo_mip_v2,389765.86782709014,378546.9890464495,0.0287836357841822,300.210000038147,5
159,402aa512-a6c2-4a8a-9938-fcda91dd0018,2025-09-08T15:31:15.485517+00:00,ins#1,X232254,TIME_LIMIT,lefo_mip_v2,382569.1227074639,378299.5216954055,0.0111603387692196,300.22899985313416,5
160,4e77586d-20a6-444b-bc50-c0a5e6a8cae3,2025-09-08T15:26:13.101552+00:00,ins#1,X122258,TIME_LIMIT,lefo_mip_v2,330728.04589289054,325930.177930642,0.014506988511649842,300.1419999599457,5
161,5102ba6b-53d8-4fe4-aef3-f8ccbb60d782,2025-09-08T15:21:11.288755+00:00,ins#1,X211258,TIME_LIMIT,lefo_mip_v2,208726.91012348322,197308.6846591292,0.054704136891591815,300.24399995803833,5
162,e36302af-973d-444f-980f-2c1f1fb67dc2,2025-09-08T15:16:09.630825+00:00,ins#1,X3221110,TIME_LIMIT,lefo_mip_v2,506955.0580521915,480454.23642000713,0.05227449891516043,300.09999990463257,5
163,8612539f-c4bf-4c42-ae2c-b924e91d7b0f,2025-09-08T15:11:07.354639+00:00,ins#1,X212228,TIME_LIMIT,lefo_mip_v2,251100.33540760534,239284.22333390586,0.047057332896503934,300.24399995803833,5
164,4087252d-3fc2-4ccc-8400-bb9af1612717,2025-09-08T15:06:05.39554+00:00,ins#1,X311128,TIME_LIMIT,lefo_mip_v2,175387.6737013785,168149.18465327087,0.04127136699715929,300.2220001220703,5
165,ee96fbf9-c862-4fa0-9016-d09c4a6c8c5f,2025-09-08T15:01:03.19077+00:00,ins#1,X111228,TIME_LIMIT,lefo_mip_v2,152670.36226922835,148283.17779237163,0.028736320603733764,300.27300000190735,5
166,b414c327-342c-43cf-a5ce-950cd377a809,2025-09-08T14:56:01.548818+00:00,ins#1,X231156,TIME_LIMIT,lefo_mip_v2,295735.223884005,294427.5453323293,0.004421788295967744,300.27099990844727,5
167,1306e33b-5be8-4a0b-ab5e-b9585967fb96,2025-09-08T14:50:58.541814+00:00,ins#1,X112254,TIME_LIMIT,lefo_mip_v2,87631.9289087775,87183.16167862139,0.005121047040095001,300.1449999809265,5
168,c9d676a7-2881-4dcb-91c0-a008672ad25b,2025-09-08T14:45:56.51135+00:00,ins#1,X312124,TIME_LIMIT,lefo_mip_v2,108317.21438533011,106312.95440551358,0.018503614510307957,300.06900000572205,5
169,eed69473-af8e-4ddb-ae95-6407c5099a15,2025-09-08T14:40:54.474732+00:00,ins#1,X232258,TIME_LIMIT,lefo_mip_v2,779780.4720290176,758151.3079695267,0.027737504124989192,300.2170000076294,5
170,5934dc24-b8e0-4d1b-9675-7c8dfad074c8,2025-09-08T14:35:52.656755+00:00,ins#1,X122144,TIME_LIMIT,lefo_mip_v2,109050.25401754575,108518.4468267078,0.004876716662690067,300.21399998664856,5
171,fd2820d7-0c59-423c-a670-c834ecd0d964,2025-09-08T14:30:51.031887+00:00,ins#1,X231241,OPTIMAL,lefo_mip_v2,258574.87598970317,258551.64418658343,0.00008984555452580275,55.21600008010864,5
172,d7ccceac-2d89-4f85-a6b1-b1f0277ed9e3,2025-09-08T14:29:53.136076+00:00,ins#1,X1311310,TIME_LIMIT,lefo_mip_v2,346849.75706093165,337680.1652168008,0.026436783239608828,300.2829999923706,5
173,32ec0c9c-63ed-4f78-9bdc-16c6e7e234d3,2025-09-08T14:24:51.36553+00:00,ins#1,X3321110,TIME_LIMIT,lefo_mip_v2,729486.3074051198,700951.650492407,0.03911609666014749,300.1630001068115,5
174,56769c1e-5a05-4e04-a7df-d7da15fb7ba4,2025-09-08T14:19:49.452281+00:00,ins#1,X131223,TIME_LIMIT,lefo_mip_v2,223561.14755292117,223503.97438742657,0.0002557383790538614,300.29699993133545,5
175,394d91ff-0c95-4769-bcb4-9abd8f85eab9,2025-09-08T14:14:47.247934+00:00,ins#2,X122124,TIME_LIMIT,lefo_mip_v2,115476.92527833267,114749.5342527144,0.006299016222202398,300.1749999523163,5
176,ccf1a9ec-af2d-4475-b16b-07eca07bdcda,2025-09-08T14:09:45.516594+00:00,ins#1,X132143,TIME_LIMIT,lefo_mip_v2,139359.57798390058,139205.61921406706,0.0011047591565705626,300.210000038147,5
177,63b0da28-eab4-45f2-932f-43c261288e2e,2025-09-08T14:04:43.639634+00:00,ins#1,X311258,TIME_LIMIT,lefo_mip_v2,280585.83443019533,265828.54331815435,0.05259456929466741,300.18499994277954,5
178,13f9f333-474e-45b2-975c-06e6800fb107,2025-09-08T13:59:41.461374+00:00,ins#1,X2311510,TIME_LIMIT,lefo_mip_v2,476951.94072034745,459396.00554790377,0.036808604124618303,300.1510000228882,5
179,14ed7a54-e681-49aa-ae54-78e2239c3490,2025-09-08T13:54:39.501644+00:00,ins#1,X111121,OPTIMAL,lefo_mip_v2,33780.5662994846,33780.5662994846,0,4.232999801635742,5
180,759ebc83-5136-414c-beac-cc7dbb2209a1,2025-09-08T13:54:33.929824+00:00,ins#1,X232244,TIME_LIMIT,lefo_mip_v2,383006.73870269326,380717.64730436244,0.005976634787378262,300.2000000476837,5
181,ef4fa514-893d-4e51-8140-4e229a22a158,2025-09-08T13:49:30.770137+00:00,ins#1,X212253,TIME_LIMIT,lefo_mip_v2,114972.86026539464,114373.8977081822,0.005209599516180164,300.1970000267029,5
182,0889c2f7-89d5-4f13-ad07-1cd3354ec531,2025-09-08T13:44:28.974281+00:00,ins#1,X231243,TIME_LIMIT,lefo_mip_v2,324470.93672145496,324118.79568601813,0.0010852775875551711,300.210000038147,5
183,af879940-33a9-4348-82ec-06f9c4584167,2025-09-08T13:39:26.371336+00:00,ins#1,X2111210,TIME_LIMIT,lefo_mip_v2,161010.54841439897,151201.95611489064,0.06091894224385592,300.4119999408722,5
184,211bb657-38ac-4f85-b914-c3107098b318,2025-09-08T13:34:24.189162+00:00,ins#1,X332114,TIME_LIMIT,lefo_mip_v2,345853.87959299475,343974.051058735,0.00543532585631816,300.18499994277954,5
185,205df2b6-bbce-4435-a310-49bd108ebdbb,2025-09-08T13:29:21.706548+00:00,ins#1,X212218,TIME_LIMIT,lefo_mip_v2,244055.8382607418,235444.0740529645,0.03528604056001615,300.1230001449585,5
186,c9de36db-1fe4-4f30-93b3-972ac103d2a9,2025-09-08T13:24:19.972905+00:00,ins#1,X122234,TIME_LIMIT,lefo_mip_v2,181620.41910405312,180401.6623232459,0.006710461229081161,300.1080000400543,5
187,5f808d27-00e6-479a-b20b-23e98f794843,2025-09-08T13:19:17.531566+00:00,ins#1,X212251,OPTIMAL,lefo_mip_v2,85823.24072739368,85816.5439928636,0.00007802938310557738,50.29100012779236,5
188,f7c3e736-5631-4ebd-baeb-cb9195a6e6c9,2025-09-08T13:18:26.071242+00:00,ins#1,X121126,TIME_LIMIT,lefo_mip_v2,148551.44054763584,146760.1383438848,0.012058464038769173,300.125,5
189,e375889f-a984-4b0b-aca0-ae94333813cd,2025-09-08T13:13:24.459669+00:00,ins#1,X2321110,TIME_LIMIT,lefo_mip_v2,560787.9576098815,550782.7584063429,0.017841323209188492,300.18099999427795,5
190,b44a7008-e752-40e8-b875-f6bd1824fd71,2025-09-08T13:08:22.179295+00:00,ins#1,X231154,TIME_LIMIT,lefo_mip_v2,240264.3055930502,239418.08602281584,0.0035220361515857107,300.28200006484985,5
191,1f31e41b-e836-4ca1-9f70-044186d120e6,2025-09-08T13:03:18.34756+00:00,ins#1,X2122110,TIME_LIMIT,lefo_mip_v2,333356.99389234115,318494.8919103126,0.04458314135994502,300.35000014305115,5
192,4a1ee75b-40f6-4831-b33d-3e742a77417b,2025-09-08T12:58:16.079218+00:00,ins#1,X231136,TIME_LIMIT,lefo_mip_v2,302168.8233561695,301153.8860706444,0.003358841836335865,300.1749999523163,5
193,254747c2-b562-4f7c-9b6e-a30661853015,2025-09-08T12:53:12.894803+00:00,ins#1,X122131,OPTIMAL,lefo_mip_v2,70668.15321850123,70661.31251540905,0.00009680036594461122,76.62199997901917,5
194,588f595c-9e7a-43df-8c32-796833d4ca96,2025-09-08T12:51:55.024587+00:00,ins#2,X121251,OPTIMAL,lefo_mip_v2,111473.27345357196,111462.35207356341,0.0000979730806335834,30.667999982833862,5
195,98372833-720d-48f9-96a0-80cb86a12f28,2025-09-08T12:51:23.207008+00:00,ins#1,X2121410,TIME_LIMIT,lefo_mip_v2,196489.56207712876,185338.44923150813,0.056751680484907634,300.135999917984,5
196,5b1ab5e3-bf7e-40d9-a65b-a7e5b0ada764,2025-09-08T12:46:21.537686+00:00,ins#2,X112234,TIME_LIMIT,lefo_mip_v2,99026.38926021496,98311.02208027401,0.007224005492729369,300.3789999485016,5
197,87771b13-4afc-483c-8df2-20d36b0b918d,2025-09-08T12:41:19.12417+00:00,ins#1,X3222310,TIME_LIMIT,lefo_mip_v2,773579.2647554138,718319.9787981381,0.07143325639001874,300.2409999370575,5
198,308b3066-7d7a-449e-8617-28961a4059ab,2025-09-08T12:36:16.920811+00:00,ins#1,X2321210,TIME_LIMIT,lefo_mip_v2,649656.4767380914,635431.6178280977,0.021895970284813344,300.2229998111725,5
199,42563d72-bd12-492e-8d10-95048eca4b52,2025-09-08T12:31:14.341261+00:00,ins#1,X222231,OPTIMAL,lefo_mip_v2,178935.92332440394,178918.38365693434,0.00009802205808498341,146.14200019836426,5
200,ca27b728-1563-4a59-a514-046c573c9b56,2025-09-08T12:28:46.627143+00:00,ins#1,X222116,TIME_LIMIT,lefo_mip_v2,236791.66605499169,232151.55210348632,0.019595765462572325,300.2649998664856,5
201,3d1b3f96-c057-4b2e-965a-33ef028e7b99,2025-09-08T12:23:44.810263+00:00,ins#2,X222138,TIME_LIMIT,lefo_mip_v2,299448.5392038314,286708.0327630052,0.042546564009630715,300.1779999732971,5
202,b54fdb96-0e77-48b5-9741-0e4bf016fd3b,2025-09-08T12:18:42.633981+00:00,ins#1,X221213,TIME_LIMIT,lefo_mip_v2,229892.63166578117,229759.42734099238,0.0005794197222573243,300.1949999332428,5
203,597731b9-b520-4dfe-be2f-c844340d6aa7,2025-09-08T12:13:40.565435+00:00,ins#1,X2121510,TIME_LIMIT,lefo_mip_v2,185067.3519043317,171978.8936081252,0.07072267561796873,300.135999917984,5
204,284cb48c-c2ba-46d7-a6ed-9d45c17db3a7,2025-09-08T12:08:38.21727+00:00,ins#1,X211148,TIME_LIMIT,lefo_mip_v2,130376.100432131,124876.60915539425,0.04218174388180587,300.135999917984,5
205,be434c3b-a335-4937-8b17-3124f2328f0d,2025-09-08T12:03:36.534226+00:00,ins#1,X212118,TIME_LIMIT,lefo_mip_v2,152532.64277469335,147835.95274603914,0.030791376476651686,300.13700008392334,5
206,9a0c4e4f-caa6-4377-89a6-04268a3ef840,2025-09-08T11:58:34.546167+00:00,ins#1,X3112410,TIME_LIMIT,lefo_mip_v2,335013.9706973829,312792.56405182707,0.0663297909615487,300.11100006103516,5
207,fb521742-c4af-4d81-bb93-95d24c078868,2025-09-08T11:48:01.677793+00:00,ins#1,X3321510,INTERRUPTED,lefo_mip_v2,696715.8030885133,646420.5551157902,0.07218904429864555,209.0279998779297,5
208,73164dd1-3f98-425b-8df0-6845029d3900,2025-09-08T11:35:41.113553+00:00,ins#1,X332138,INTERRUPTED,lefo_mip_v2,607368.8285899163,538918.4320283601,0.11269988405640198,60.91200017929077,5
209,78ff840b-431e-4a9e-902b-15da532f910c,2025-09-08T07:27:42.863292+00:00,ins#1,X121251,OPTIMAL,lefo_mip_v2,111473.25658295608,111463.43815918596,0.00008807873808561473,10.77393913269043,4
210,dec79d17-30c2-4a62-967b-3ae212cb26cd,2025-09-08T07:27:30.532993+00:00,ins#1,X212226,TIME_LIMIT,lefo_mip_v2,180175.2222702831,175158.42231703902,0.027844005907306776,500.0162889957428,4
211,3055987d-743a-4b98-b525-fd2a19d46d47,2025-09-08T07:19:08.758358+00:00,ins#1,X121154,TIME_LIMIT,lefo_mip_v2,105889.78259421943,105863.40404703593,0.00024911324338614633,500.03221797943115,4
212,01a54a64-ffb0-49bf-87e2-e899b7552813,2025-09-08T07:10:47.376448+00:00,ins#1,X3111410,TIME_LIMIT,lefo_mip_v2,226190.55895490936,209112.36529330432,0.07550356540305266,500.0314450263977,4
213,2de9beaf-bd9a-47bb-86d6-72daf52d46a3,2025-09-08T07:02:25.830324+00:00,ins#1,X111218,TIME_LIMIT,lefo_mip_v2,158218.88573099294,156824.63536603955,0.008812161446541367,500.03294706344604,4
214,c91be8d0-1ddf-4e7f-9e6b-9aad8b3d650b,2025-09-08T06:54:04.88352+00:00,ins#1,X1122210,INFEASIBLE,lefo_mip_v2,,,,0.06181192398071289,4
215,5e15ecb1-6372-4a7b-bc9b-1beb8afe7ab4,2025-09-08T06:54:03.855081+00:00,ins#1,X331218,TIME_LIMIT,lefo_mip_v2,827260.3868173094,819573.8980203108,0.009291498685886067,500.05342411994934,4
216,256c9038-e04d-41a6-99ea-2659a2a9792c,2025-09-08T06:45:42.200156+00:00,ins#1,X1222210,TIME_LIMIT,lefo_mip_v2,436112.760581883,428802.7989786086,0.016761631999763285,500.04127311706543,4
217,b58b8490-c748-45cd-a530-87ddede53e5c,2025-09-08T06:37:20.63924+00:00,ins#1,X122158,TIME_LIMIT,lefo_mip_v2,222740.03049265908,219693.89864429177,0.013675726997207635,500.04701805114746,4
218,bfd863f6-b2ea-49b0-b852-545867319c8b,2025-09-08T06:28:59.075977+00:00,ins#1,X331153,TIME_LIMIT,lefo_mip_v2,277326.6822830415,276624.99585245975,0.0025301800202029716,500.0791108608246,4
219,44c8192e-c081-412b-a33a-c333b35410b0,2025-09-08T06:20:36.654292+00:00,ins#1,X232246,TIME_LIMIT,lefo_mip_v2,565952.0390870571,560677.3414461493,0.009320043531279614,500.0537621974945,4
220,52562215-e9f4-4e7a-a43e-4f6b37cc9377,2025-09-08T06:12:14.863222+00:00,ins#1,X211253,TIME_LIMIT,lefo_mip_v2,112869.03244538311,112645.07681420892,0.001984207947229122,500.0267198085785,4
221,bb2f6b48-5c63-401c-a81c-0bf58cb04986,2025-09-08T06:03:53.060051+00:00,ins#1,X322118,TIME_LIMIT,lefo_mip_v2,365625.8026128908,355137.63458031655,0.02868552481149331,500.03633093833923,4
222,d06c21d7-bee1-48a9-b758-20130e6f8805,2025-09-08T05:55:31.723478+00:00,ins#1,X3311410,TIME_LIMIT,lefo_mip_v2,632595.0721669457,590883.2353515587,0.06593765688452756,500.0417470932007,4
223,c2124152-7dff-4f4c-a7ea-b67c4738f261,2025-09-08T05:47:09.597543+00:00,ins#1,X122124,TIME_LIMIT,lefo_mip_v2,115409.02530625855,114817.7547242181,0.005123261204844328,500.03394889831543,4
224,99064eb3-d9fe-4ddf-841a-79f03a3e8a0f,2025-09-08T05:38:47.673604+00:00,ins#1,X211211,OPTIMAL,lefo_mip_v2,84042.46626063551,84034.81643622582,0.00009102332130477367,1.0351409912109375,4
225,d97aa1ed-da34-4655-aa69-e16879b13800,2025-09-08T05:38:46.041307+00:00,ins#1,X211111,OPTIMAL,lefo_mip_v2,56467.07933187436,56462.54108672479,0.0000803697517786478,10.098067045211792,4
226,d3a5406d-e212-45a4-9cbe-811560104d6e,2025-09-08T05:38:35.066552+00:00,ins#1,X212128,TIME_LIMIT,lefo_mip_v2,143072.82251151634,136569.96232287318,0.045451400723709935,500.0307741165161,4
227,fafc9b4c-f73f-4256-a986-fffa9634f2a8,2025-09-08T05:30:14.128605+00:00,ins#1,X132131,OPTIMAL,lefo_mip_v2,109030.25266967725,109020.33344974274,0.00009097676738000606,18.345762014389038,4
228,3f1c134e-d2d0-4cc8-a08e-689f76d6e90d,2025-09-08T05:29:54.670236+00:00,ins#1,X332223,TIME_LIMIT,lefo_mip_v2,458920.0260798037,457723.08983724966,0.0026081586649825237,500.0542290210724,4
229,c26e415a-3764-49db-95fa-a1224a117fe7,2025-09-08T05:21:33.151949+00:00,ins#1,X2221210,TIME_LIMIT,lefo_mip_v2,363358.6835895054,353585.3363162215,0.02689724427867271,500.03534507751465,4
230,c8af408b-d794-4c49-af09-26d23ee23b05,2025-09-08T05:13:11.755676+00:00,ins#1,X321226,TIME_LIMIT,lefo_mip_v2,433805.56336621597,428849.15747205884,0.011425408783826408,500.0702500343323,4
231,134078a6-8d2d-4d63-ba44-a7b5a039ffe1,2025-09-08T05:04:50.250243+00:00,ins#1,X1311110,TIME_LIMIT,lefo_mip_v2,352970.3010929637,350376.92796559446,0.007347284231389874,500.04404616355896,4
232,149ddb80-93a8-46ae-b471-40c733d3e923,2025-09-08T04:56:29.274953+00:00,ins#1,X3222410,TIME_LIMIT,lefo_mip_v2,740549.9615108161,690103.41911761,0.06812037676740781,500.0360097885132,4
233,b5170612-e6e1-4410-b4ce-a610c7079cc3,2025-09-08T04:48:07.822045+00:00,ins#1,X321138,TIME_LIMIT,lefo_mip_v2,346513.156821967,338783.3212195621,0.022307480827853145,500.04714798927307,4
234,5c6e6679-1757-42ec-84b9-8ceafece45c5,2025-09-08T04:39:45.333468+00:00,ins#1,X232156,TIME_LIMIT,lefo_mip_v2,308605.74337086035,304432.6495751259,0.013522411314035499,500.12091088294983,4
235,009d0749-6a6d-4728-952d-7b229b0ac00a,2025-09-08T04:31:23.367318+00:00,ins#1,X222253,TIME_LIMIT,lefo_mip_v2,237771.41783061187,237017.3474326278,0.0031714089307456664,500.05420303344727,4
236,fe4b05f2-fb5b-4417-a40b-0a9a7f051cb6,2025-09-08T04:23:01.805768+00:00,ins#1,X3211110,TIME_LIMIT,lefo_mip_v2,426149.7667950139,419635.56206561276,0.015286186305798479,500.03053307533264,4
237,b78c6cc8-e462-469b-9562-b02abe5f426e,2025-09-08T04:14:40.446752+00:00,ins#1,X122243,TIME_LIMIT,lefo_mip_v2,149131.51719052656,148959.62079716183,0.0011526496652288568,500.0221929550171,4
238,d5f9edbe-d3fa-48b8-bc0b-0958d2cd3e9c,2025-09-08T04:06:19.074858+00:00,ins#1,X331211,OPTIMAL,lefo_mip_v2,331799.1736307019,331766.72025296895,0.00009781030307528741,115.25730204582214,4
239,d1d3e393-9c89-4f37-bb80-6e3c0743b73a,2025-09-08T04:04:21.980887+00:00,ins#1,X211234,TIME_LIMIT,lefo_mip_v2,127980.62489844995,127510.66912200373,0.003672085339629517,500.0233120918274,4
240,0907242d-04b2-457a-9ee2-a8af19eacfa0,2025-09-08T03:56:00.282893+00:00,ins#1,X312133,TIME_LIMIT,lefo_mip_v2,103495.51912331874,102765.27711467365,0.007055783813934758,500.0175139904022,4
241,d3183300-df5a-4da0-bbc8-171176674f68,2025-09-08T03:47:37.719247+00:00,ins#1,X231126,TIME_LIMIT,lefo_mip_v2,306460.99588545825,305092.61555096146,0.004465104378268842,500.03606700897217,4
242,6ba501a5-3c28-473c-94ec-5c871a1a5653,2025-09-08T03:39:16.043232+00:00,ins#1,X1321210,TIME_LIMIT,lefo_mip_v2,477751.25052657834,472380.6897943263,0.011241332652363715,500.03868985176086,4
243,ce4f078f-f350-4752-8931-6914d60bb11a,2025-09-08T03:30:54.54525+00:00,ins#1,X1111110,TIME_LIMIT,lefo_mip_v2,129089.83703356227,127750.22019598335,0.010377399711416773,500.0142979621887,4
244,81564b85-3e6c-4e33-88dc-72be45ff8627,2025-09-08T03:22:33.214603+00:00,ins#1,X221154,TIME_LIMIT,lefo_mip_v2,159372.7784015426,158440.65515646414,0.005848697967289983,500.06048703193665,4
245,861474d2-3584-4505-afbe-32efdd7985b7,2025-09-08T03:14:11.882562+00:00,ins#1,X111133,OPTIMAL,lefo_mip_v2,48807.9525018672,48807.9525018672,0,50.20816993713379,4
246,eb9bf368-ba80-4ddb-a9f8-e625c3c0cc08,2025-09-08T03:13:20.501134+00:00,ins#1,X222138,TIME_LIMIT,lefo_mip_v2,294636.8657933778,286880.8885138515,0.02632385210398413,500.04105710983276,4
247,1f004da9-da11-4f34-b291-3fac6e51b2b1,2025-09-08T03:04:58.644331+00:00,ins#1,X131236,TIME_LIMIT,lefo_mip_v2,323109.92785339325,321600.1285626188,0.0046727109278409396,500.0530860424042,4
248,bdf50867-169a-4ac0-8573-962492d6d290,2025-09-08T02:56:37.264173+00:00,ins#1,X132254,TIME_LIMIT,lefo_mip_v2,265592.9768272172,264837.49802696356,0.002844498409854911,500.0617129802704,4
249,0fb2fb5d-477d-411b-9090-260232c4884d,2025-09-08T02:48:15.477247+00:00,ins#1,X1112510,TIME_LIMIT,lefo_mip_v2,205979.07111148714,199925.51389269676,0.02938918593100101,500.035138130188,4
250,f8c0f18e-f95c-496a-a98f-7e22d905731f,2025-09-08T02:39:54.157154+00:00,ins#1,X211143,TIME_LIMIT,lefo_mip_v2,73860.51114512385,73612.42075996583,0.00335890425494843,500.04928493499756,4
251,87be88ac-3cb8-44fd-92d5-ac16f485a838,2025-09-08T02:31:32.59226+00:00,ins#1,X121138,TIME_LIMIT,lefo_mip_v2,188791.82574850242,185777.62785386652,0.015965722470692358,500.0194809436798,4
252,b3409469-8ba9-4875-95b1-67d62f93166e,2025-09-08T02:23:11.546632+00:00,ins#1,X132124,TIME_LIMIT,lefo_mip_v2,172363.2637103905,171570.75395294782,0.004597904103128886,500.0511510372162,4
253,4d703e94-59ab-4597-8340-5142cdc4bdb2,2025-09-08T02:14:50.016853+00:00,ins#1,X322253,TIME_LIMIT,lefo_mip_v2,331444.5716697729,330265.0463477834,0.0035587408055808723,500.0458297729492,4
254,9a19a0f2-0765-48d8-bc83-680e6d2c4f77,2025-09-08T02:06:27.000136+00:00,ins#1,X2322410,TIME_LIMIT,lefo_mip_v2,882285.1936019367,865137.72330677,0.019435291920928677,500.1197338104248,4
255,47b4612a-0d0e-488f-9ebd-63233a140419,2025-09-08T01:58:05.395925+00:00,ins#1,X132221,INFEASIBLE,lefo_mip_v2,,,,0.13827896118164062,4
256,3acafc6b-284c-4975-92df-67443a94b310,2025-09-08T01:58:02.659589+00:00,ins#1,X232158,TIME_LIMIT,lefo_mip_v2,426207.5223134202,416349.23482983455,0.023130252206895966,500.23045110702515,4
257,a1dd581d-35ef-4b52-9f90-f6730055cf57,2025-09-08T01:49:40.802034+00:00,ins#1,X332228,TIME_LIMIT,lefo_mip_v2,870251.0260790532,845223.0977188873,0.028759435622765225,500.05775690078735,4
258,cb58d3d8-6cea-4c42-b08c-17ba831250ab,2025-09-08T01:41:18.953858+00:00,ins#1,X332136,TIME_LIMIT,lefo_mip_v2,428753.1629188968,421648.0825215262,0.016571493838086558,500.04879689216614,4
259,385fccf0-cc5f-4439-b4aa-db427e59b75e,2025-09-08T01:32:56.904669+00:00,ins#1,X132114,TIME_LIMIT,lefo_mip_v2,162045.26230799017,161746.53842986046,0.0018434594993708496,500.0297181606293,4
260,1bf91b5c-5125-4924-970e-c35c21d8c4e2,2025-09-08T01:24:35.43431+00:00,ins#1,X121243,OPTIMAL,lefo_mip_v2,140140.67682360546,140134.75218955314,0.00004227633394250995,192.43923687934875,4
261,92dd916e-8df0-4310-9d90-ddc8c2be1cad,2025-09-08T01:21:21.7575+00:00,ins#1,X111234,OPTIMAL,lefo_mip_v2,86439.20678205036,86439.20678205034,0,72.28419589996338,4
262,26bfbdd6-4f33-4f31-be25-de1001e74da6,2025-09-08T01:20:08.733069+00:00,ins#1,X112234,TIME_LIMIT,lefo_mip_v2,99103.16025002724,98503.45658344947,0.006051307194087241,500.02616596221924,4
263,6433fe73-ef39-4cc6-9f2e-24b7e5788e50,2025-09-08T01:11:46.966768+00:00,ins#1,X332216,TIME_LIMIT,lefo_mip_v2,708527.7008808573,702776.9967214336,0.008116414012147029,500.04979705810547,4
264,20a202ed-c1ed-48cb-ab1e-46965b415826,2025-09-08T01:03:25.511088+00:00,ins#1,X1221410,TIME_LIMIT,lefo_mip_v2,344986.1164689082,342681.062700975,0.006681584150476854,500.0218970775604,4
265,f795d5af-58f1-40b0-896d-37b9366f429d,2025-09-08T00:55:04.205699+00:00,ins#1,X212131,OPTIMAL,lefo_mip_v2,60168.3616757984,60168.3616757984,0,18.179160833358765,4
266,35ced9b9-d87f-42ea-9894-2e6756689029,2025-09-08T00:54:45.352856+00:00,ins#1,X121253,OPTIMAL,lefo_mip_v2,145475.5923551236,145466.69445940084,0.00006116418279325896,29.13928198814392,4
267,eed8c55e-4c9d-414f-8a5d-43515fa209da,2025-09-08T00:54:15.449623+00:00,ins#1,X111111,OPTIMAL,lefo_mip_v2,35801.06108039781,35799.58877121776,0.0000411247358492762,0.6303648948669434,4
268,27d16480-5a13-47a3-8f4e-142f6c05cfcb,2025-09-08T00:54:14.322846+00:00,ins#1,X221156,TIME_LIMIT,lefo_mip_v2,195806.14151101344,194794.18719321728,0.005168143910027671,500.0373361110687,4
269,0b212c7c-9deb-4757-b98c-abc86933bc56,2025-09-08T00:45:52.477517+00:00,ins#1,X312256,TIME_LIMIT,lefo_mip_v2,250651.45004682962,239516.52015257638,0.04442395961472745,500.0559980869293,4
270,f260da5e-cab0-48d7-ab78-7175cb69319d,2025-09-08T00:37:30.99575+00:00,ins#1,X311143,TIME_LIMIT,lefo_mip_v2,91914.66136966857,91734.73087890219,0.001957582044965807,500.03251695632935,4
271,5fcb5696-f70a-43ec-8336-5e07eca59ac8,2025-09-08T00:29:09.839265+00:00,ins#1,X322213,TIME_LIMIT,lefo_mip_v2,325010.58983503305,324210.54490705894,0.0024615964925333578,500.0196158885956,4
272,d9115cbb-4764-4da6-9fff-450127ba25cc,2025-09-08T00:20:48.508597+00:00,ins#1,X312251,OPTIMAL,lefo_mip_v2,141094.06127236754,141080.32160550635,0.00009737948385132891,173.54268383979797,4
273,f0e234ef-f68c-47b0-acb9-b1964b39c628,2025-09-08T00:17:53.804274+00:00,ins#1,X332124,TIME_LIMIT,lefo_mip_v2,337425.0682313179,335493.8740912639,0.005723327404738306,500.031063079834,4
274,24aa19a3-fb14-4ff4-a6d4-7b5c459cff1e,2025-09-08T00:09:31.509398+00:00,ins#1,X122148,TIME_LIMIT,lefo_mip_v2,227452.1845935886,223361.8251135474,0.017983381814291415,500.0307500362396,4
275,057d1d7e-ea1f-4957-969b-170fa723b3bd,2025-09-08T00:01:10.12436+00:00,ins#1,X232228,TIME_LIMIT,lefo_mip_v2,741624.2472685906,726147.7523361231,0.020868377739087618,500.04372382164,4
276,6cbf1a7c-c149-4410-af9c-6dae16154415,2025-09-07T23:52:48.778249+00:00,ins#1,X212213,TIME_LIMIT,lefo_mip_v2,115038.74705389567,114646.94764794143,0.003405803835560567,500.0158190727234,4
277,eb4135aa-795c-44d1-8470-815f2ff537fc,2025-09-07T23:44:27.81027+00:00,ins#1,X221136,TIME_LIMIT,lefo_mip_v2,202007.91843063675,200479.5827759793,0.00756572151493276,500.0374221801758,4
278,e97fab0b-75c3-4569-9422-8eb2b521f79e,2025-09-07T23:36:06.177319+00:00,ins#1,X132218,TIME_LIMIT,lefo_mip_v2,523946.25108112465,518945.2535736051,0.009544867430963316,500.0208089351654,4
279,898c55a3-4cfe-46fc-89e1-17fa0a2fb816,2025-09-07T23:27:44.041191+00:00,ins#1,X132144,TIME_LIMIT,lefo_mip_v2,173978.9043703161,173629.34284951346,0.002009217853554229,500.0290241241455,4
280,fb7a95df-b5b5-4362-b16b-f1f6a2a0c8d2,2025-09-07T23:19:22.468994+00:00,ins#1,X332234,TIME_LIMIT,lefo_mip_v2,526557.8714677873,524452.2008572055,0.003998934826882697,500.04373002052307,4
281,b2dd14bd-9589-4e8a-afd2-58ed9e220fc3,2025-09-07T23:11:00.345317+00:00,ins#1,X321256,TIME_LIMIT,lefo_mip_v2,405820.006537553,400522.2900679705,0.013054350165686648,500.03472089767456,4
282,2df050bb-c938-4289-b842-a745c2587b81,2025-09-07T23:02:38.398067+00:00,ins#1,X332218,TIME_LIMIT,lefo_mip_v2,904029.901479408,885625.9708266798,0.020357657000737373,500.1296989917755,4
283,3d26d84e-4b97-41f7-863a-9bd34792bb25,2025-09-07T22:54:16.391166+00:00,ins#1,X212246,INFEASIBLE,lefo_mip_v2,,,,0.12146902084350586,4
284,b75f94a4-7eb7-4be9-b9f8-c002edd77927,2025-09-07T22:54:14.482058+00:00,ins#1,X231131,OPTIMAL,lefo_mip_v2,160536.33182732287,160520.33003351858,0.00009967708631526101,144.92966985702515,4
285,e9dc9514-e053-403c-86db-80e6f54fa545,2025-09-07T22:51:48.174755+00:00,ins#1,X212151,OPTIMAL,lefo_mip_v2,61172.267575879516,61167.74311177274,0.00007396266782434255,35.20761513710022,4
286,43d719f3-617f-4da6-b888-d0f7e8bd0fa7,2025-09-07T22:51:11.971517+00:00,ins#1,X3321210,TIME_LIMIT,lefo_mip_v2,651764.5939144123,621561.4463660518,0.04634057730409133,500.05311703681946,4
287,f787b89c-6ecd-458e-8913-8aa764af8305,2025-09-07T22:42:50.112636+00:00,ins#1,X111211,OPTIMAL,lefo_mip_v2,56270.7616551473,56270.7616551473,0,0.5521149635314941,4
288,b4bc09e2-b2ea-4174-9fcf-9412893c5cb9,2025-09-07T22:42:48.786149+00:00,ins#1,X311136,TIME_LIMIT,lefo_mip_v2,140181.56719062096,136964.78902365384,0.02294722645376693,500.0546760559082,4
289,6d98a054-7d34-460e-b5e3-b761a112c48f,2025-09-07T22:34:27.133224+00:00,ins#1,X212233,TIME_LIMIT,lefo_mip_v2,116317.76861474063,115959.13868483595,0.003083191280022821,500.02776288986206,4
290,15de58b9-6d0e-49be-919c-d7da0abcd1ea,2025-09-07T22:26:05.457865+00:00,ins#1,X321218,TIME_LIMIT,lefo_mip_v2,572684.9072084809,566575.4192259276,0.010668149108964048,500.05132508277893,4
291,7104ce6d-f00d-4ef3-8803-cb28f5aaf450,2025-09-07T21:06:35.933858+00:00,ins#1,X112126,INTERRUPTED,lefo_mip_v2,78086.60067062406,77516.8547118526,0.007296334503978368,9284.1780128479,3
292,e9724880-3d57-46de-8e67-c5366d3301ca,2025-09-07T17:26:43.077979+00:00,ins#2,2ndclass_T60_N30_DBMedium_TB8_CVhigh_Z5_m10-20,TIME_LIMIT,lefo_mip_v1,,1106163.222308843,,1240.0308151245117,2
293,c4f375a5-24db-45c1-bb8f-4170640039c4,2025-09-07T17:03:39.189939+00:00,ins#2,2ndclass_T60_N30_DBMedium_TB8_CVhigh_Z5_m10-20,TIME_LIMIT,lefo_mip_v1,,1024485.2656002443,,240.04541110992432,2
294,0449ec7d-63c6-48ab-8ab4-c7201f4193df,2025-09-07T16:59:01.073388+00:00,ins#2,2ndclass_T60_N30_DBMedium_TB8_CVhigh_Z5_m10-20,TIME_LIMIT,lefo_mip_v2,1433794.6177299758,1241144.1879663914,0.13436403469598318,240.0608150959015,2
295,7aff1aaf-d312-442c-9631-1c09120f1ccc,2025-09-07T16:54:19.121789+00:00,ins#2,2ndclass_T60_N30_DBMedium_TB8_CVhigh_Z5_m5-15,INTERRUPTED,lefo_mip_v2,1805123.266810228,989179.7548496876,0.45201539804113566,1.0682661533355713,2
296,b33c640d-f89d-404c-9387-43b21f6809ab,2025-09-07T16:54:16.81328+00:00,ins#2,2ndclass_T60_N30_DBMedium_TB8_CVhigh_Z5_m5-15,INTERRUPTED,lefo_mip_v1,4198542.583296701,1014936.7156141909,0.7582645178705651,21.051135063171387,2
297,8cccc849-2c06-4518-bfcc-4eec66424c7a,2025-09-02T09:48:42.141328+00:00,ins#6,2ndclass_T60_N30_DBMedium_TBO8_CVhigh_Z5_m10-30,TIME_LIMIT,lefo_mip_v2,703138.1347053946,629781.3914942236,0.10432764145541117,600.1073548793793,1
298,eb5c57b9-42d6-4ea2-b154-bc31a7c6def8,2025-09-02T09:38:38.822042+00:00,ins#5,2ndclass_T60_N30_DBMedium_TBO8_CVhigh_Z5_m10-30,TIME_LIMIT,lefo_mip_v2,749696.2528060952,660383.9536240144,0.11913131331227411,600.1105461120605,1
299,66b1e25c-f8fa-4767-ac41-bd088aa181cc,2025-09-02T09:28:36.301449+00:00,ins#4,2ndclass_T60_N30_DBMedium_TBO8_CVhigh_Z5_m10-30,TIME_LIMIT,lefo_mip_v2,713403.9017845343,649890.069796291,0.08902927476197928,600.1290681362152,1
300,65384a55-97af-4ea6-a562-bcf2ba69e872,2025-09-02T09:18:33.980387+00:00,ins#3,2ndclass_T60_N30_DBMedium_TBO8_CVhigh_Z5_m10-30,TIME_LIMIT,lefo_mip_v2,732627.3329791907,658658.2976752536,0.10096406723339947,600.1510710716248,1
301,6f13118a-6a26-4590-b97d-7efcda81bd7b,2025-09-02T09:08:30.891599+00:00,ins#4,2ndclass_T60_N35_DBMedium_TBO6_CVhigh_Z4_m8-20,TIME_LIMIT,lefo_mip_v2,669198.9800432539,634439.3622388894,0.05194212609546673,600.1197562217712,1
302,d7f0a99b-fc42-4adb-a0e9-fc53baea3d77,2025-09-02T08:58:28.888269+00:00,ins#3,2ndclass_T60_N35_DBMedium_TBO6_CVhigh_Z4_m8-20,TIME_LIMIT,lefo_mip_v2,684080.2102843219,639780.1429811213,0.0647585862552409,600.0905139446259,1
303,59820d6e-fc62-4579-a6b7-c2d3f577cc90,2025-09-02T08:48:26.33388+00:00,ins#6,class_T60_N40_DBMedium_TBO4_CVhigh_Z3,TIME_LIMIT,lefo_mip_v2,619279.2324328719,598223.6247032165,0.0340001838055143,600.1641821861267,1
304,96db081c-c5ec-42dc-8f82-c01266b9b79b,2025-09-02T08:38:21.424951+00:00,ins#5,class_T60_N40_DBMedium_TBO4_CVhigh_Z3,TIME_LIMIT,lefo_mip_v2,696084.5132807448,614973.1179829772,0.11652521173826741,600.6225848197937,1
305,a57ad912-96a2-410c-b2a7-1f38a671df07,2025-09-02T08:28:16.711766+00:00,ins#2,2ndclass_T60_N10_DBMedium_TB8_CVhigh_Z5_m10-20,TIME_LIMIT,lefo_mip_v2,484387.74653542094,428654.0885995256,0.11506000788527333,600.0184018611908,1
306,fe038b73-12ed-4fc8-9b21-73113f2301b1,2025-09-02T08:24:51.979528+00:00,ins#4,2ndclass_T20_N10_DBMedium_TBO6_CVhigh_Z4_m7-12,INFEASIBLE,lefo_mip_v1,,,,0.0164031982421875,1
307,a03b0972-9637-49c5-895c-ee84fc3b111c,2025-09-02T08:18:15.391873+00:00,ins#1,2ndclass_T60_N10_DBMedium_TB8_CVhigh_Z5_m10-20,TIME_LIMIT,lefo_mip_v2,461230.93269237026,414405.2612026274,0.10152326778346077,600.0340058803558,1
308,e782f449-3462-4618-a42e-0dbb68fadd32,2025-09-02T08:17:54.634696+00:00,ins#2,2ndclass_T60_N20_DBMedium_TB8_CVhigh_Z5_m10-20,INTERRUPTED,lefo_mip_v1,868210.3698151165,820094.5884648261,0.05541949626855592,189.01184105873108,1
309,52b564f6-bf7b-4d3f-b0e7-ff742cf2f1b3,2025-09-02T08:12:53.177718+00:00,ins#2,2ndclass_T60_N30_DBMedium_TBO9_CVhigh_Z5_m10-20,INFEASIBLE,lefo_mip_v1,,,,29.271342039108276,1
310,9964a975-c541-47bc-a349-11f93232b89c,2025-09-02T08:09:12.315798+00:00,ins#1,2ndclass_T20_N10_DBMedium_TBO6_CVhigh_Z4_m7-12,INFEASIBLE,lefo_mip_v1,,,,0.6186978816986084,1
311,b251942a-2719-4a22-bfac-365c5a49c1ed,2025-09-02T08:09:10.590062+00:00,ins#2,2ndclass_T20_N10_DBMedium_TBO6_CVhigh_Z4_m7-12,INFEASIBLE,lefo_mip_v1,,,,0.6408998966217041,1
312,84103389-6e3d-4b2e-a836-190476c87467,2025-09-02T08:09:08.836485+00:00,ins#3,2ndclass_T20_N10_DBMedium_TBO6_CVhigh_Z4_m7-12,INFEASIBLE,lefo_mip_v1,,,,0.5877151489257812,1
313,7c0a321d-460f-4d16-8979-150612b8e6aa,2025-09-02T08:09:07.01003+00:00,ins#4,2ndclass_T20_N10_DBMedium_TBO6_CVhigh_Z4_m7-12,INFEASIBLE,lefo_mip_v1,,,,0.7081379890441895,1
314,907d6534-e9d8-4ea0-ba7c-688b1264c541,2025-09-02T08:08:13.997498+00:00,ins#2,2ndclass_T60_N20_DBMedium_TB8_CVhigh_Z5_m10-20,TIME_LIMIT,lefo_mip_v2,882499.8051023486,820387.8379836516,0.07038184797275228,600.0779340267181,1
315,c12e4b5d-cfd6-48f0-94ef-77a257c3a2de,2025-09-02T08:07:55.98095+00:00,ins#1,2ndclass_T60_N40_DBMedium_TB10_CVhigh_Z5_m10-20,INFEASIBLE,lefo_mip_v1,,,,29.87180495262146,1
316,7297a104-5513-4772-92f9-010570e92771,2025-09-02T08:02:09.947944+00:00,ins#1,2ndclass_T60_N30_DBMedium_TB8_CVhigh_Z5_m10-20,INTERRUPTED,lefo_mip_v2,1676367.110971159,1514192.833201263,0.0967415053114139,151.25345587730408,1
317,029006c9-92a2-459b-8622-11f6b14da1b8,2025-09-02T07:58:12.049992+00:00,ins#1,2ndclass_T60_N20_DBMedium_TB8_CVhigh_Z5_m10-20,TIME_LIMIT,lefo_mip_v2,868808.40755785,792223.8756913752,0.08814893042039923,600.0667269229889,1
318,08b0bedb-0b39-41ed-8459-f063869b8c38,2025-09-02T07:55:09.306078+00:00,ins#1,2ndclass_T60_N30_DBMedium_TB8_CVhigh_Z5_m10-20,INFEASIBLE,lefo_mip_v1,,,,21.22334098815918,1
319,83c87bf6-e09b-420a-a1d4-c9faac408ee2,2025-09-02T07:48:10.15542+00:00,ins#2,2ndclass_T60_N30_DBMedium_TB8_CVhigh_Z5_m10-20,TIME_LIMIT,lefo_mip_v2,1305026.913721325,1243477.6510858824,0.04716321325506844,600.0831499099731,1
320,1782d631-f053-40e4-99af-aac72011d344,2025-09-02T07:43:48.500975+00:00,ins#1,2ndclass_T60_N30_DBMedium_TB8_CVhigh_Z5_m10-20,INTERRUPTED,lefo_mip_v2,1715563.1276622112,1513983.772104529,0.11750040106794167,99.44370698928833,1
321,e84af59b-ab41-462c-b5c7-9c4991eb6075,2025-09-02T07:38:07.205319+00:00,ins#1,2ndclass_T60_N30_DBMedium_TB8_CVhigh_Z5_m10-20,TIME_LIMIT,lefo_mip_v2,1559039.2126907285,1516351.9368968417,0.02738050168745483,600.0838358402252,1
322,e3eb7f67-5293-4f24-8ef8-0ba5a9eddc1c,2025-09-02T07:27:50.9256+00:00,ins#2,2ndclass_T60_N40_DBMedium_TB8_CVhigh_Z5_m10-20,TIME_LIMIT,lefo_mip_v2,1899875.876113528,1826428.348588334,0.03865911897120436,600.1004710197449,1
323,f9200b8c-1d3f-4471-b0b0-9af1f0c35284,2025-09-02T07:17:42.558563+00:00,ins#1,2ndclass_T60_N40_DBMedium_TB8_CVhigh_Z5_m10-20,TIME_LIMIT,lefo_mip_v2,1797335.7319340413,1629132.6487079128,0.0935846766063744,600.1084518432617,1
324,cdf920d0-b01e-4d21-b1d0-06a201cea2af,2025-09-02T07:07:38.985667+00:00,ins#2,2ndclass_T60_N40_DBMedium_TB8_CVhigh_Z5_m5-15,TIME_LIMIT,lefo_mip_v2,1938471.9584290267,1840810.5678399552,0.05038060528263614,600.0784170627594,1
325,b0d4e353-4058-422d-a8f8-a597bd313a60,2025-09-02T06:57:34.911751+00:00,ins#1,2ndclass_T60_N40_DBMedium_TB8_CVhigh_Z5_m5-15,TIME_LIMIT,lefo_mip_v2,1752289.4080342741,1653851.0810404418,0.05617697997972887,600.0888760089874,1
326,1024d717-2279-4940-bd92-01c88ea963bd,2025-09-02T06:47:31.671254+00:00,ins#2,2ndclass_T60_N30_DBMedium_TB8_CVhigh_Z5_m5-15,TIME_LIMIT,lefo_mip_v2,1334159.0809709409,1238960.2286492628,0.07135494835623098,600.0400099754333,1
327,d6f4b52b-38bd-416a-9536-11e5aaa38f03,2025-09-02T06:37:29.409978+00:00,ins#1,2ndclass_T60_N30_DBMedium_TB8_CVhigh_Z5_m5-15,TIME_LIMIT,lefo_mip_v2,1386244.0956121832,1313403.24648631,0.05254547114496877,600.4477639198303,1
328,fc22c8bd-2f91-49c6-a955-365a6d20762b,2025-09-02T06:27:26.460531+00:00,ins#2,2ndclass_T60_N20_DBMedium_TB8_CVhigh_Z5_m5-15,TIME_LIMIT,lefo_mip_v2,906516.3216870794,841915.8064287495,0.07126238514724657,600.049467086792,1
329,5f71a1f8-2317-41a6-af2e-07b8002ed4fe,2025-09-02T06:17:23.653336+00:00,ins#1,2ndclass_T60_N20_DBMedium_TB8_CVhigh_Z5_m5-15,TIME_LIMIT,lefo_mip_v2,948154.2144469062,884599.6119603674,0.0670298159499429,600.0409600734711,1
330,f64aef1e-3b9d-4fef-981e-ababa807814e,2025-09-02T06:07:21.298965+00:00,ins#2,2ndclass_T60_N10_DBMedium_TB8_CVhigh_Z5_m5-15,TIME_LIMIT,lefo_mip_v2,446584.4306401776,412146.4143467211,0.07711423401861489,600.0273461341858,1
331,05d3e60c-2cd2-4e7c-a77b-88bd8c780df0,2025-09-02T05:57:19.518163+00:00,ins#1,2ndclass_T60_N10_DBMedium_TB8_CVhigh_Z5_m5-15,TIME_LIMIT,lefo_mip_v2,495330.27291779505,463000.8905566815,0.06526833534860273,600.0507597923279,1
332,a6b13197-eb40-42a1-91b3-12e8767af084,2025-09-02T05:47:17.452233+00:00,ins#2,2ndclass_T60_N30_DBMedium_TB10_CVhigh_Z5_m10-20,TIME_LIMIT,lefo_mip_v2,1713047.4604507461,1535201.7365803616,0.10381832843299554,600.089772939682,1
333,f8f5652f-5c81-4656-8cc8-d9c49bf9a72f,2025-09-02T05:37:14.632777+00:00,ins#1,2ndclass_T60_N30_DBMedium_TB10_CVhigh_Z5_m10-20,TIME_LIMIT,lefo_mip_v2,1902023.3222840596,1724623.2724221966,0.0932691244021292,600.102685213089,1
334,92b86c02-d211-458c-903d-1f673c719e05,2025-09-02T05:27:11.712628+00:00,ins#2,2ndclass_T60_N20_DBMedium_TB10_CVhigh_Z5_m10-20,TIME_LIMIT,lefo_mip_v2,2330781.0511192386,2044998.4700487298,0.12261236675717624,600.1172919273376,1
335,37d0165d-77b8-4f0e-9ca0-ebc955354038,2025-09-02T05:17:07.317054+00:00,ins#1,2ndclass_T60_N20_DBMedium_TB10_CVhigh_Z5_m10-20,TIME_LIMIT,lefo_mip_v2,2464099.4591312543,2239280.483692823,0.09123778449985692,600.1176681518555,1
336,2984db79-dc18-436c-b6c6-071ac820b267,2025-09-02T05:07:03.600144+00:00,ins#2,2ndclass_T60_N40_DBMedium_TB9_CVhigh_Z5_m10-20,TIME_LIMIT,lefo_mip_v2,2068370.6054306151,1980460.7239988104,0.04250199707972679,600.1329560279846,1
337,e97d9949-b345-44b4-8599-f853e3f15761,2025-09-02T04:56:59.83397+00:00,ins#1,2ndclass_T60_N40_DBMedium_TB9_CVhigh_Z5_m10-20,TIME_LIMIT,lefo_mip_v2,2037211.606471417,1868871.332014623,0.0826326896636772,600.1042160987854,1
338,80b65556-c450-4cb6-9c84-c2f4878158b7,2025-09-02T04:46:56.268122+00:00,ins#2,2ndclass_T60_N10_DBMedium_TB9_CVhigh_Z5_m10-20,TIME_LIMIT,lefo_mip_v2,497884.8083666945,444910.2132304657,0.10639930009114223,600.0299541950226,1
339,4c8ca476-6f33-4313-9a87-ab545799f76e,2025-09-02T04:36:54.261297+00:00,ins#1,2ndclass_T60_N10_DBMedium_TB9_CVhigh_Z5_m10-20,TIME_LIMIT,lefo_mip_v2,538092.2506474656,487244.70160144445,0.09449596976138988,600.0474989414215,1
340,3c7cda82-8f85-4740-9537-7ca125623595,2025-09-02T04:26:51.687458+00:00,ins#2,2ndclass_T60_N40_DBMedium_TB10_CVhigh_Z5_m10-20,TIME_LIMIT,lefo_mip_v2,2459987.7819507103,2214317.8090584665,0.09986633864393976,600.0807769298553,1
341,0344fa76-f99a-431f-90c7-0c4a161c1b5a,2025-09-02T04:16:47.987759+00:00,ins#1,2ndclass_T60_N40_DBMedium_TB10_CVhigh_Z5_m10-20,TIME_LIMIT,lefo_mip_v2,2265949.6830683085,1932281.1609873325,0.1472532795296485,600.0814440250397,1
342,7745ccda-710f-4b55-b4b6-4be6f36890d5,2025-09-02T04:06:44.584824+00:00,ins#2,2ndclass_T60_N10_DBMedium_TB10_CVhigh_Z5_m10-20,TIME_LIMIT,lefo_mip_v2,593996.9994137614,523706.7689900219,0.11833431901695071,600.0363521575928,1
343,412cef57-3f35-4b4e-a9f2-357e30d458e8,2025-09-02T03:56:42.73144+00:00,ins#1,2ndclass_T60_N10_DBMedium_TB10_CVhigh_Z5_m10-20,TIME_LIMIT,lefo_mip_v2,566962.3086222849,512717.30788573535,0.09567655541047268,600.041787147522,1
344,99d26e5d-d804-443c-9dea-f60aa151f274,2025-09-02T03:46:40.931648+00:00,ins#2,2ndclass_T60_N10_DBMedium_TB10_CVhigh_Z5_m5-15,TIME_LIMIT,lefo_mip_v2,594628.102639191,533591.7684099153,0.10264623208753958,600.0686898231506,1
345,1b81c98f-0972-4230-a3e4-fb3b95237a93,2025-09-02T03:36:38.973267+00:00,ins#1,2ndclass_T60_N10_DBMedium_TB10_CVhigh_Z5_m5-15,TIME_LIMIT,lefo_mip_v2,582943.9406106075,524096.7539197652,0.1009482775122468,600.0345170497894,1
346,94ecf3e2-9346-483e-8c53-4b22772f66e7,2025-09-02T03:26:36.936125+00:00,ins#2,2ndclass_T60_N20_DBMedium_TB10_CVhigh_Z5_m5-15,TIME_LIMIT,lefo_mip_v2,1185128.7056747144,1081776.097822393,0.08720791873274296,600.0600578784943,1
347,2866351a-66da-4541-8114-864e04973404,2025-09-02T03:16:34.882646+00:00,ins#1,2ndclass_T60_N20_DBMedium_TB10_CVhigh_Z5_m5-15,TIME_LIMIT,lefo_mip_v2,1086563.8344025468,991599.8375630713,0.0873984517363326,600.041177034378,1
348,2b311259-b1f5-47ad-9e0b-5a6291e354d3,2025-09-02T03:06:32.553235+00:00,ins#2,2ndclass_T60_N30_DBMedium_TB10_CVhigh_Z5_m5-15,TIME_LIMIT,lefo_mip_v2,1867118.4701224426,1674149.3990241631,0.10335127319779813,600.0422759056091,1
349,900c6bae-30cc-4cfe-b0e3-6ebc020b2a78,2025-09-02T02:56:30.147922+00:00,ins#1,2ndclass_T60_N30_DBMedium_TB10_CVhigh_Z5_m5-15,TIME_LIMIT,lefo_mip_v2,1651871.5872467842,1478155.913813678,0.10516294049384457,600.0785720348358,1
