node_id,depth,lp_bound,incumbent,branch_item,branch_t,direction,status,cg_iters,columns_added
0,0,1039.040684,inf,0,4,Y,BRANCHED_Y,1,0
1,1,171683.218316,inf,0,6,Y,BRANCHED_Y,1,0
2,1,1070.713129,inf,0,9,Y,BRANCHED_Y,1,0
5,2,1071.322434,inf,0,8,Y,BRANCHED_Y,2,2
6,2,1087.771459,inf,0,7,Y,BRANCHED_Y,1,0
7,3,1076.814281,inf,0,7,Y,BRANCHED_Y,1,0
8,3,1120.779516,inf,0,3,Y,BRANCHED_Y,1,0
11,4,86404.170198,inf,0,2,Y,BRANCHED_Y,3,8
12,4,1138.122348,inf,0,5,Y,BRANCHED_Y,1,0
9,3,1115.271147,inf,0,6,Y,BRANCHED_Y,1,0
10,3,1129.323169,inf,0,6,Y,BRANCHED_Y,1,0
19,4,1138.868542,inf,0,5,Y,BRANCHED_Y,1,0
20,4,1167.135351,inf,0,2,Y,BRANCHED_Y,1,0
13,4,121714.783313,inf,0,5,Y,BRANCHED_Y,1,0
14,4,1161.539562,inf,0,5,Y,BRANCHED_Y,1,0
21,4,1149.943940,inf,0,2,Y,BRANCHED_Y,1,0
22,4,1179.844435,inf,0,2,Y,BRANCHED_Y,1,0
17,5,395203.675545,inf,0,2,Y,BRANCHED_Y,1,0
18,5,1196.440476,inf,0,2,Y,BRANCHED_Y,1,0
23,5,59987.018127,inf,0,2,Y,BRANCHED_Y,1,0
24,5,1186.233280,inf,0,2,Y,BRANCHED_Y,1,0
31,5,601034.787155,inf,0,5,Y,BRANCHED_Y,1,0
32,5,1165.828843,inf,0,3,Y,BRANCHED_Y,1,0
29,5,1175.438055,inf,0,7,Y,BRANCHED_Y,1,0
30,5,1201.641527,inf,0,7,Y,BRANCHED_Y,1,0
45,6,121778.350836,inf,0,8,Y,BRANCHED_Y,1,0
46,6,1187.772951,inf,0,5,Y,BRANCHED_Y,2,4
25,5,601047.734959,inf,0,5,Y,BRANCHED_Y,1,0
26,5,1183.020254,inf,0,3,Y,BRANCHED_Y,1,0
47,6,42376.360272,inf,0,2,Y,BRANCHED_Y,1,0
48,6,1218.816070,inf,0,6,Y,BRANCHED_Y,1,0
33,5,601062.308080,inf,0,5,Y,BRANCHED_Y,1,0
34,5,1195.442366,inf,0,3,Y,BRANCHED_Y,1,0
57,6,121785.926074,inf,0,8,Y,BRANCHED_Y,1,0
58,6,1204.511375,inf,0,5,Y,BRANCHED_Y,1,0
41,6,601086.115657,inf,0,1,Y,BRANCHED_Y,1,0
42,6,1202.100721,inf,0,3,Y,BRANCHED_Y,1,0
53,7,1226.887817,inf,0,8,Y,BRANCHED_Y,2,3
54,7,1234.553519,inf,0,8,Y,BRANCHED_Y,1,0
65,6,121796.397355,inf,0,5,Y,BRANCHED_Y,1,0
66,6,1216.658826,inf,0,5,Y,BRANCHED_Y,1,0
37,6,836307.465903,inf,0,3,Y,BRANCHED_Y,1,0
38,6,1213.814813,inf,0,3,Y,BRANCHED_Y,1,0
49,6,1220.532074,inf,0,6,Y,BRANCHED_Y,1,0
50,6,1257.412398,inf,0,2,Y,BRANCHED_Y,1,0
73,7,221788.178912,inf,0,0,Y,BRANCHED_Y,1,0
74,7,1242.892074,inf,0,8,Y,BRANCHED_Y,1,0
69,7,1239.974944,inf,0,8,Y,BRANCHED_Y,1,0
70,7,1251.744930,inf,0,8,Y,BRANCHED_Y,1,0
85,7,557020.384924,inf,0,6,Y,BRANCHED_Y,2,4
86,7,1241.932790,inf,0,6,Y,BRANCHED_Y,1,0
81,7,1231.174682,inf,0,8,Y,BRANCHED_Y,1,0
82,7,1274.201714,inf,0,7,Z(7),BRANCHED_Z,1,0
61,7,42424.058511,inf,0,2,Y,BRANCHED_Y,1,0
62,7,1258.802473,inf,0,2,Y,BRANCHED_Y,1,0
87,7,1275.196217,inf,0,2,Y,BRANCHED_Y,1,0
88,7,1285.421724,inf,0,2,Y,BRANCHED_Y,1,0
75,8,212966.077144,inf,0,1,Y,BRANCHED_Y,1,0
76,8,1256.063524,inf,0,1,Y,BRANCHED_Y,1,0
103,8,1233.775861,inf,0,1,Y,BRANCHED_Y,1,0
104,8,1289.933730,inf,0,1,Y,BRANCHED_Y,1,0
119,9,1238.885214,inf,0,0,Y,BRANCHED_Y,1,0
120,9,1311.687057,inf,0,7,Z(7),BRANCHED_Z,1,0
77,8,1235.006258,inf,0,1,Y,BRANCHED_Y,1,0
78,8,1290.032664,inf,0,8,Z(8),BRANCHED_Z,1,0
127,9,1235.457923,inf,0,7,Z(8),BRANCHED_Z,1,0
128,9,1312.054815,inf,0,7,Z(8),BRANCHED_Z,1,0
131,10,1282.973518,inf,0,0,Y,BRANCHED_Y,1,0
132,10,inf,inf,,,,INFEASIBLE,0,0
123,10,162972.348576,inf,0,3,Z(3),BRANCHED_Z,2,7
124,10,1315.912241,inf,0,3,Z(3),BRANCHED_Z,1,0
95,8,212983.268554,inf,0,1,Y,BRANCHED_Y,1,0
96,8,1240.104972,inf,0,1,Y,BRANCHED_Y,1,0
143,9,1241.049073,inf,0,0,Y,BRANCHED_Y,1,0
144,9,1317.412890,inf,0,3,Z(5),BRANCHED_Z,1,0
145,10,10062.848274,inf,0,3,Z(3),BRANCHED_Z,1,0
146,10,1320.860838,inf,0,3,Z(3),BRANCHED_Z,1,0
101,8,86589.528183,inf,0,1,Y,BRANCHED_Y,2,2
102,8,1306.822440,inf,0,1,Y,BRANCHED_Y,1,0
93,8,1252.584636,inf,0,1,Y,BRANCHED_Y,1,0
94,8,1248.884825,inf,0,5,Z(6),BRANCHED_Z,1,0
159,9,1268.850636,inf,0,1,Y,BRANCHED_Y,2,3
160,9,1248.884825,inf,0,5,Z(7),BRANCHED_Z,1,0
163,10,1258.064166,inf,0,4,Z(5),BRANCHED_Z,1,0
164,10,1248.884825,inf,0,5,Z(5),BRANCHED_Z,1,0
167,11,1278.425736,inf,0,1,Y,BRANCHED_Y,2,1
168,11,inf,inf,,,,INFEASIBLE,0,0
97,8,1252.197669,inf,0,1,Y,BRANCHED_Y,2,8
98,8,1297.138946,inf,0,4,Z(5),BRANCHED_Z,1,0
171,9,1252.649334,inf,0,3,Z(8),BRANCHED_Z,2,1
172,9,1329.246226,inf,0,3,Z(8),BRANCHED_Z,1,0
157,9,104179.885867,inf,0,0,Y,BRANCHED_Y,2,5
158,9,1330.495832,inf,0,0,Y,BRANCHED_Y,1,0
175,10,1252.649334,inf,0,3,Z(6),BRANCHED_Z,1,0
176,10,4243.029915,inf,0,0,Y,BRANCHED_Y,2,3
183,11,1252.649334,inf,0,3,Z(7),BRANCHED_Z,1,0
184,11,1001181.099541,inf,0,0,Y,BRANCHED_Y,2,1
187,12,1252.649334,inf,0,6,Z(8),BRANCHED_Z,1,0
188,12,1001127.917872,inf,0,4,Z(5),BRANCHED_Z,2,1
191,13,1252.649334,inf,0,5,Z(8),BRANCHED_Z,1,0
192,13,inf,inf,,,,INFEASIBLE,0,0
195,14,83391.029642,inf,0,0,Y,BRANCHED_Y,2,6
196,14,1252.649334,inf,0,5,Z(5),BRANCHED_Z,2,1
199,15,1276.655152,inf,0,0,Y,BRANCHED_Y,2,5
200,15,inf,inf,,,,INFEASIBLE,0,0
117,9,10083.837020,inf,0,0,Y,BRANCHED_Y,2,11
118,9,1333.060343,inf,0,0,Y,BRANCHED_Y,2,5
89,7,601106.020503,inf,0,1,Y,BRANCHED_Y,3,4
90,7,1262.796919,inf,0,6,Y,BRANCHED_Y,1,0
165,11,1266.643529,inf,0,1,Y,BRANCHED_Y,2,1
166,11,1321.746636,inf,0,1,Y,BRANCHED_Y,3,2
109,8,792235.902269,inf,0,0,Y,BRANCHED_Y,3,11
110,8,1263.333089,inf,0,1,Y,BRANCHED_Y,1,0
209,8,1273.614834,inf,0,8,Z(9),BRANCHED_Z,1,0
210,8,1322.495873,inf,0,8,Z(9),BRANCHED_Z,1,0
217,9,1264.186994,inf,0,8,Z(9),BRANCHED_Z,1,0
218,9,1340.783887,inf,0,8,Z(9),BRANCHED_Z,1,0
223,10,121612.875977,inf,0,0,Y,BRANCHED_Y,1,0
224,10,1264.186994,inf,0,7,Z(7),BRANCHED_Z,1,0
229,11,1292.179451,inf,0,0,Y,BRANCHED_Y,1,0
230,11,1264.186994,inf,0,7,Z(8),BRANCHED_Z,1,0
233,12,1315.100430,inf,0,0,Y,BRANCHED_Y,1,0
234,12,inf,inf,,,,INFEASIBLE,0,0
211,12,1272.379420,inf,0,0,Y,BRANCHED_Y,2,4
212,12,1341.304827,inf,0,2,Z(2),BRANCHED_Z,2,4
161,10,1270.255574,inf,0,3,Z(7),BRANCHED_Z,1,0
162,10,1343.202953,inf,0,3,Z(7),BRANCHED_Z,2,1
241,11,1272.076467,inf,0,5,Z(7),BRANCHED_Z,1,0
242,11,1281.210738,inf,0,0,Y,BRANCHED_Y,2,1
245,12,1305.691038,inf,0,0,Y,BRANCHED_Y,1,0
246,12,1287.436976,inf,0,0,Y,BRANCHED_Y,1,0
237,13,1273.576987,inf,0,3,Z(3),BRANCHED_Z,1,0
238,13,1348.800473,inf,0,5,Z(5),BRANCHED_Z,1,0
253,14,571809.952263,inf,0,2,Z(2),BRANCHED_Z,1,0
254,14,290708.886777,inf,0,3,Z(7),BRANCHED_Z,1,0
219,9,1311.941249,inf,0,1,Y,BRANCHED_Y,3,9
220,9,1273.614834,inf,0,7,Z(8),BRANCHED_Z,1,0
263,10,1343.588431,inf,0,1,Y,BRANCHED_Y,2,2
264,10,inf,inf,,,,INFEASIBLE,0,0
105,8,1276.381286,inf,0,7,Z(8),BRANCHED_Z,2,1
106,8,1274.201714,inf,0,4,Z(5),BRANCHED_Z,1,0
269,9,1274.321264,inf,0,5,Z(8),BRANCHED_Z,2,1
270,9,1341.734719,inf,0,1,Y,BRANCHED_Y,1,0
271,10,1276.404197,inf,0,6,Z(6),BRANCHED_Z,1,0
272,10,1415.646863,inf,0,1,Y,BRANCHED_Y,1,0
111,8,933394.759077,inf,0,0,Y,BRANCHED_Y,1,0
112,8,1278.790504,inf,0,1,Y,BRANCHED_Y,1,0
267,9,1339.701105,inf,0,8,Y,BRANCHED_Y,1,0
268,9,inf,inf,,,,INFEASIBLE,0,0
275,11,1289.019562,inf,0,3,Z(6),BRANCHED_Z,1,0
276,11,1280.891392,inf,0,6,Z(8),BRANCHED_Z,2,5
201,16,79553.450217,inf,0,4,Z(4),BRANCHED_Z,2,3
202,16,1349.273470,inf,0,4,Z(4),BRANCHED_Z,2,8
169,12,1282.400973,inf,0,0,Y,BRANCHED_Y,2,10
170,12,1351.283041,inf,0,4,Z(4),BRANCHED_Z,2,4
281,9,1283.377239,inf,0,0,Y,BRANCHED_Y,2,2
282,9,1357.177630,inf,0,4,Z(5),BRANCHED_Z,1,0
287,12,1315.193148,inf,0,8,Y,BRANCHED_Y,3,4
288,12,inf,inf,,,,INFEASIBLE,1,0
247,12,39454.581080,inf,0,3,Z(3),BRANCHED_Z,3,11
248,12,1359.435446,inf,0,3,Z(3),BRANCHED_Z,1,0
293,13,79559.196038,inf,0,4,Z(4),BRANCHED_Z,2,1
294,13,1355.019291,inf,0,4,Z(4),BRANCHED_Z,2,1
135,11,54213.865878,inf,0,4,Z(5),BRANCHED_Z,1,0
136,11,1361.941260,inf,0,4,Z(5),BRANCHED_Z,1,0
297,10,133611.064892,inf,0,5,Z(6),BRANCHED_Z,1,0
298,10,1361.253345,inf,0,5,Z(6),BRANCHED_Z,1,0
113,8,601134.029829,inf,0,1,Y,BRANCHED_Y,1,0
114,8,1290.806245,inf,0,8,Z(9),BRANCHED_Z,1,0
251,13,133348.892477,inf,0,3,Z(3),BRANCHED_Z,1,0
252,13,1356.675936,inf,0,4,Z(6),BRANCHED_Z,2,8
285,12,1301.778205,inf,0,1,Y,BRANCHED_Y,2,4
286,12,1361.276179,inf,0,8,Y,BRANCHED_Y,1,0
121,9,1289.974698,inf,0,4,Z(5),BRANCHED_Z,2,1
122,9,1366.571590,inf,0,4,Z(5),BRANCHED_Z,1,0
331,10,1320.752549,inf,0,0,Y,BRANCHED_Y,1,0
332,10,70456.018693,inf,0,0,Y,BRANCHED_Y,2,1
129,9,1322.962433,inf,0,1,Y,BRANCHED_Y,2,1
130,9,1303.654614,inf,0,4,Z(6),BRANCHED_Z,1,0
321,9,1313.939267,inf,0,1,Y,BRANCHED_Y,2,2
322,9,1293.137286,inf,0,6,Z(8),BRANCHED_Z,2,1
231,12,101475.217690,inf,0,7,Z(8),BRANCHED_Z,1,0
232,12,1369.889100,inf,0,7,Z(8),BRANCHED_Z,1,0
345,10,1329.143854,inf,0,1,Y,BRANCHED_Y,3,11
346,10,inf,inf,,,,INFEASIBLE,0,0
173,9,1297.217838,inf,0,6,Z(7),BRANCHED_Z,3,2
174,9,1364.671951,inf,0,1,Y,BRANCHED_Y,1,0
353,10,1310.248973,inf,0,8,Z(8),BRANCHED_Z,1,0
354,10,201288.566776,inf,0,6,Z(6),BRANCHED_Z,2,2
327,13,1303.612794,inf,0,3,Z(5),BRANCHED_Z,2,1
328,13,1376.492695,inf,0,3,Z(5),BRANCHED_Z,2,7
361,14,1326.532742,inf,0,0,Y,BRANCHED_Y,2,2
362,14,1001290.446683,inf,0,0,Y,BRANCHED_Y,2,1
341,10,1303.654614,inf,0,4,Z(5),BRANCHED_Z,2,7
342,10,142444.327124,inf,0,0,Y,BRANCHED_Y,2,1
369,11,1305.509775,inf,0,5,Z(6),BRANCHED_Z,1,0
370,11,1371.187619,inf,0,1,Y,BRANCHED_Y,1,0
373,12,1316.465385,inf,0,2,Z(3),BRANCHED_Z,1,0
374,12,1314.472729,inf,0,1,Y,BRANCHED_Y,2,4
249,13,223598.131360,inf,0,3,Z(3),BRANCHED_Z,1,0
250,13,1372.353358,inf,0,5,Z(5),BRANCHED_Z,1,0
155,9,1309.358407,inf,0,0,Y,BRANCHED_Y,3,6
156,9,1385.209566,inf,0,7,Z(8),BRANCHED_Z,1,0
385,10,36596.741781,inf,0,7,Z(8),BRANCHED_Z,1,0
386,10,1388.792036,inf,0,7,Z(8),BRANCHED_Z,1,0
357,11,1340.153844,inf,0,1,Y,BRANCHED_Y,3,2
358,11,1314.350890,inf,0,3,Z(5),BRANCHED_Z,1,0
125,10,1311.687057,inf,0,3,Z(5),BRANCHED_Z,2,1
126,10,1311.687057,inf,0,4,Z(5),BRANCHED_Z,1,0
397,11,1311.687057,inf,0,4,Z(4),BRANCHED_Z,1,0
398,11,111654.313065,inf,0,0,Y,BRANCHED_Y,1,0
399,11,1311.687057,inf,0,6,Z(8),BRANCHED_Z,1,0
400,11,1334.496770,inf,0,0,Y,BRANCHED_Y,1,0
405,12,1354.287035,inf,0,0,Y,BRANCHED_Y,1,0
406,12,inf,inf,,,,INFEASIBLE,0,0
401,12,346935.243242,inf,0,0,Y,BRANCHED_Y,1,0
402,12,285527.057057,inf,0,0,Y,BRANCHED_Y,2,1
261,10,1313.055263,inf,0,3,Z(9),BRANCHED_Z,1,0
262,10,1389.652155,inf,0,3,Z(9),BRANCHED_Z,1,0
133,10,1358.269109,inf,0,5,Z(5),BRANCHED_Z,1,0
134,10,inf,inf,,,,INFEASIBLE,0,0
415,11,1313.055263,inf,0,5,Z(5),BRANCHED_Z,1,0
416,11,33704.387061,inf,0,0,Y,BRANCHED_Y,1,0
421,12,1313.275406,inf,0,3,Z(4),BRANCHED_Z,1,0
422,12,283533.574156,inf,0,0,Y,BRANCHED_Y,2,2
425,13,1328.245027,inf,0,0,Y,BRANCHED_Y,1,0
426,13,inf,inf,,,,INFEASIBLE,0,0
343,10,1314.338506,inf,0,5,Z(5),BRANCHED_Z,1,0
344,10,1390.935398,inf,0,5,Z(5),BRANCHED_Z,2,1
431,11,1326.303129,inf,0,6,Z(7),BRANCHED_Z,2,1
432,11,1341.172184,inf,0,0,Y,BRANCHED_Y,1,0
395,12,1314.906015,inf,0,5,Z(7),BRANCHED_Z,2,4
396,12,10225.523321,inf,0,1,Y,BRANCHED_Y,1,0
379,13,1317.108564,inf,0,0,Y,BRANCHED_Y,1,0
380,13,1389.999461,inf,0,2,Z(2),BRANCHED_Z,1,0
439,13,1325.861625,inf,0,2,Z(3),BRANCHED_Z,1,0
440,13,1323.868969,inf,0,1,Y,BRANCHED_Y,1,0
235,13,192454.433956,inf,0,6,Z(8),BRANCHED_Z,1,0
236,13,1391.372832,inf,0,3,Z(3),BRANCHED_Z,1,0
301,13,1318.410031,inf,0,3,Z(8),BRANCHED_Z,2,1
302,13,1357.830122,inf,0,8,Z(8),BRANCHED_Z,1,0
139,11,321877.579197,inf,0,2,Z(2),BRANCHED_Z,1,0
140,11,373960.321757,inf,0,4,Z(4),BRANCHED_Z,2,2
377,13,1319.107486,inf,0,1,Y,BRANCHED_Y,1,0
378,13,321918.963634,inf,0,0,Y,BRANCHED_Y,1,0
443,14,1317.444827,inf,0,3,Z(3),BRANCHED_Z,1,0
444,14,1393.529617,inf,0,5,Z(5),BRANCHED_Z,2,1
147,10,1317.937765,inf,0,4,Z(4),BRANCHED_Z,2,6
148,10,1340.454093,inf,0,0,Y,BRANCHED_Y,1,0
467,15,571859.393245,inf,0,2,Z(2),BRANCHED_Z,1,0
468,15,90770.244434,inf,0,5,Z(5),BRANCHED_Z,2,2
471,11,346940.693400,inf,0,0,Y,BRANCHED_Y,3,15
472,11,285521.678440,inf,0,0,Y,BRANCHED_Y,1,0
455,14,1328.625434,inf,0,1,Y,BRANCHED_Y,3,5
456,14,1370.927869,inf,0,1,Y,BRANCHED_Y,3,8
463,14,1322.270501,inf,0,0,Y,BRANCHED_Y,2,8
464,14,1393.062277,inf,0,2,Z(2),BRANCHED_Z,1,0
335,11,160109.141790,inf,0,2,Z(3),BRANCHED_Z,2,2
336,11,1393.367933,inf,0,3,Z(3),BRANCHED_Z,1,0
151,11,321895.083136,inf,0,2,Z(2),BRANCHED_Z,2,4
152,11,216424.974071,inf,0,4,Z(4),BRANCHED_Z,1,0
213,12,70445.236078,inf,0,0,Y,BRANCHED_Y,1,0
214,12,1394.227329,inf,0,0,Y,BRANCHED_Y,2,1
487,15,52833.153785,inf,0,2,Z(6),BRANCHED_Z,1,0
488,15,1396.719481,inf,0,0,Z(3),BRANCHED_Z,2,2
221,9,1339.092660,inf,0,5,Z(9),BRANCHED_Z,2,14
222,9,1322.495873,inf,0,7,Z(7),BRANCHED_Z,1,0
509,10,1332.452715,inf,0,7,Z(8),BRANCHED_Z,2,1
510,10,1322.495873,inf,0,6,Z(8),BRANCHED_Z,1,0
513,11,1349.267651,inf,0,1,Y,BRANCHED_Y,1,0
514,11,inf,inf,,,,INFEASIBLE,0,0
339,10,1323.414098,inf,0,3,Z(8),BRANCHED_Z,1,0
340,10,1400.010991,inf,0,3,Z(8),BRANCHED_Z,1,0
517,11,1323.414098,inf,0,7,Z(7),BRANCHED_Z,1,0
521,12,1330.511740,inf,0,3,Z(6),BRANCHED_Z,2,1
522,12,1323.414098,inf,0,3,Z(6),BRANCHED_Z,1,0
518,11,4337.501758,inf,0,0,Y,BRANCHED_Y,1,0
525,13,1323.414098,inf,0,5,Z(8),BRANCHED_Z,1,0
526,13,669521.996299,inf,0,4,Z(5),BRANCHED_Z,1,0
529,14,1358.646214,inf,0,0,Y,BRANCHED_Y,1,0
530,14,1371.107519,inf,0,0,Y,BRANCHED_Y,2,1
449,14,1326.504804,inf,0,0,Y,BRANCHED_Y,2,4
450,14,1399.395701,inf,0,2,Z(2),BRANCHED_Z,2,2
447,14,1328.001716,inf,0,1,Y,BRANCHED_Y,2,1
448,14,321928.359875,inf,0,0,Y,BRANCHED_Y,1,0
435,12,1332.421740,inf,0,4,Z(5),BRANCHED_Z,2,2
436,12,201319.677237,inf,0,0,Y,BRANCHED_Y,2,1
537,15,1326.841068,inf,0,4,Z(4),BRANCHED_Z,1,0
538,15,1402.925857,inf,0,5,Z(5),BRANCHED_Z,2,6
365,15,1327.110580,inf,0,7,Z(8),BRANCHED_Z,2,1
366,15,1399.433886,inf,0,5,Z(6),BRANCHED_Z,1,0
549,16,621895.900272,inf,0,2,Z(2),BRANCHED_Z,2,1
550,16,90779.640674,inf,0,5,Z(5),BRANCHED_Z,1,0
553,16,1369.866105,inf,0,8,Y,BRANCHED_Y,1,0
554,16,inf,inf,,,,INFEASIBLE,0,0
541,15,1331.666742,inf,0,0,Y,BRANCHED_Y,2,4
542,15,1402.458517,inf,0,2,Z(2),BRANCHED_Z,1,0
429,14,60163.720039,inf,0,4,Z(5),BRANCHED_Z,4,5
430,14,1404.945054,inf,0,4,Z(5),BRANCHED_Z,2,1
483,15,1332.977225,inf,0,0,Y,BRANCHED_Y,1,0
484,15,1401.948188,inf,0,5,Z(5),BRANCHED_Z,2,1
351,11,1332.042771,inf,0,0,Y,BRANCHED_Y,2,1
352,11,1402.425202,inf,0,5,Z(5),BRANCHED_Z,1,0
177,10,1329.246226,inf,0,5,Z(8),BRANCHED_Z,1,0
579,11,1342.782389,inf,0,5,Z(7),BRANCHED_Z,1,0
580,11,1329.246226,inf,0,5,Z(5),BRANCHED_Z,1,0
178,10,1368.785551,inf,0,0,Y,BRANCHED_Y,1,0
583,12,1345.537220,inf,0,4,Z(4),BRANCHED_Z,1,0
584,12,inf,inf,,,,INFEASIBLE,0,0
181,10,104251.790699,inf,0,5,Z(5),BRANCHED_Z,1,0
182,10,1408.603940,inf,0,5,Z(5),BRANCHED_Z,1,0
523,13,1330.511740,inf,0,5,Z(5),BRANCHED_Z,1,0
524,13,1001256.787083,inf,0,4,Z(5),BRANCHED_Z,2,1
593,14,1367.800613,inf,0,0,Y,BRANCHED_Y,2,1
594,14,1201225.540778,inf,0,5,Z(6),BRANCHED_Z,2,2
563,16,42289.782630,inf,0,3,Z(7),BRANCHED_Z,3,4
564,16,1406.115721,inf,0,0,Z(3),BRANCHED_Z,1,0
575,12,105814.077318,inf,0,5,Z(5),BRANCHED_Z,3,3
576,12,1406.264223,inf,0,5,Z(5),BRANCHED_Z,1,0
545,13,194313.260931,inf,0,0,Y,BRANCHED_Y,1,0
546,13,70495.348636,inf,0,0,Y,BRANCHED_Y,1,0
511,11,1381.093462,inf,0,5,Z(7),BRANCHED_Z,2,3
512,11,inf,inf,,,,INFEASIBLE,0,0
571,16,105640.049670,inf,0,5,Z(5),BRANCHED_Z,1,0
572,16,1408.216263,inf,0,5,Z(5),BRANCHED_Z,2,5
205,10,10154.846099,inf,0,4,Z(5),BRANCHED_Z,2,9
206,10,1412.858663,inf,0,4,Z(5),BRANCHED_Z,1,0
407,12,134470.503175,inf,0,4,Z(4),BRANCHED_Z,3,2
408,12,1402.630109,inf,0,4,Z(4),BRANCHED_Z,1,0
507,10,1345.877570,inf,0,5,Z(8),BRANCHED_Z,3,5
508,10,1363.487634,inf,0,1,Y,BRANCHED_Y,2,1
283,10,1340.153844,inf,0,1,Y,BRANCHED_Y,2,1
284,10,1385.095121,inf,0,4,Z(5),BRANCHED_Z,1,0
393,12,1340.605509,inf,0,5,Z(8),BRANCHED_Z,1,0
394,12,1417.202401,inf,0,5,Z(8),BRANCHED_Z,1,0
631,11,1340.605509,inf,0,3,Z(8),BRANCHED_Z,1,0
632,11,1417.202401,inf,0,3,Z(8),BRANCHED_Z,1,0
473,11,10162.031273,inf,0,3,Z(3),BRANCHED_Z,2,1
474,11,1420.043837,inf,0,2,Z(3),BRANCHED_Z,1,0
635,13,1350.925196,inf,0,6,Z(8),BRANCHED_Z,1,0
636,13,347056.518800,inf,0,0,Y,BRANCHED_Y,2,7
639,12,1340.605509,inf,0,5,Z(8),BRANCHED_Z,1,0
640,12,4330.986090,inf,0,0,Y,BRANCHED_Y,1,0
651,13,1356.293899,inf,0,6,Z(8),BRANCHED_Z,1,0
652,13,1340.605509,inf,0,5,Z(5),BRANCHED_Z,1,0
657,14,1364.611327,inf,0,0,Y,BRANCHED_Y,1,0
658,14,inf,inf,,,,INFEASIBLE,0,0
225,10,1397.510634,inf,0,0,Y,BRANCHED_Y,3,11
226,10,1340.783887,inf,0,7,Z(7),BRANCHED_Z,1,0
663,11,1365.917867,inf,0,3,Z(5),BRANCHED_Z,1,0
664,11,1340.783887,inf,0,6,Z(8),BRANCHED_Z,1,0
667,12,1379.203010,inf,0,3,Z(5),BRANCHED_Z,1,0
668,12,inf,inf,,,,INFEASIBLE,0,0
437,12,83675.892531,inf,0,3,Z(3),BRANCHED_Z,1,0
438,12,1417.343124,inf,0,3,Z(3),BRANCHED_Z,1,0
239,13,601265.385099,inf,0,0,Y,BRANCHED_Y,1,0
240,13,1343.647936,inf,0,3,Z(3),BRANCHED_Z,2,2
273,10,70465.224160,inf,0,0,Y,BRANCHED_Y,2,1
274,10,1414.215412,inf,0,0,Y,BRANCHED_Y,2,1
581,12,1351.166991,inf,0,6,Z(8),BRANCHED_Z,2,1
582,12,1001191.782886,inf,0,4,Z(5),BRANCHED_Z,1,0
243,11,1346.254049,inf,0,5,Z(5),BRANCHED_Z,2,1
244,11,1355.838302,inf,0,3,Z(3),BRANCHED_Z,1,0
265,11,1348.506483,inf,0,0,Y,BRANCHED_Y,1,0
266,11,1415.555663,inf,0,4,Z(8),BRANCHED_Z,1,0
677,14,238113.718568,inf,0,0,Y,BRANCHED_Y,1,0
678,14,290790.550070,inf,0,3,Z(7),BRANCHED_Z,3,6
587,13,346970.069124,inf,0,0,Y,BRANCHED_Y,2,11
588,13,285549.277896,inf,0,0,Y,BRANCHED_Y,1,0
627,11,1345.877570,inf,0,6,Z(6),BRANCHED_Z,2,5
628,11,36775.229867,inf,0,1,Y,BRANCHED_Y,1,0
703,12,1348.331497,inf,0,5,Z(7),BRANCHED_Z,2,3
704,12,1346.815240,inf,0,6,Z(9),BRANCHED_Z,1,0
687,12,1375.288171,inf,0,0,Y,BRANCHED_Y,1,0
688,12,1001279.039686,inf,0,2,Z(2),BRANCHED_Z,1,0
709,13,1358.556076,inf,0,8,Z(8),BRANCHED_Z,1,0
710,13,inf,inf,,,,INFEASIBLE,0,0
707,13,1348.731203,inf,0,6,Z(7),BRANCHED_Z,1,0
708,13,1495.244003,inf,0,0,Y,BRANCHED_Y,1,0
691,12,181385.950143,inf,0,5,Z(5),BRANCHED_Z,2,1
692,12,1419.633893,inf,0,5,Z(5),BRANCHED_Z,1,0
717,14,1349.310646,inf,0,6,Z(8),BRANCHED_Z,1,0
718,14,1001380.200693,inf,0,1,Y,BRANCHED_Y,2,1
255,14,666114.046200,inf,0,3,Z(3),BRANCHED_Z,1,0
256,14,inf,inf,,,,INFEASIBLE,0,0
515,12,1349.287563,inf,0,4,Z(8),BRANCHED_Z,2,1
516,12,1425.507188,inf,0,5,Z(5),BRANCHED_Z,1,0
291,17,566708.216970,inf,0,3,Z(4),BRANCHED_Z,2,1
292,17,643373.370772,inf,0,4,Z(5),BRANCHED_Z,3,19
731,13,1398.176878,inf,0,0,Y,BRANCHED_Y,3,8
732,13,658713.132535,inf,0,0,Y,BRANCHED_Y,1,0
725,15,1385.563261,inf,0,1,Y,BRANCHED_Y,2,8
726,15,inf,inf,,,,INFEASIBLE,1,0
647,14,1404.674543,inf,0,0,Y,BRANCHED_Y,1,0
648,14,inf,inf,,,,INFEASIBLE,0,0
683,13,1382.387201,inf,0,0,Y,BRANCHED_Y,1,0
684,13,inf,inf,,,,INFEASIBLE,0,0
295,13,346975.834668,inf,0,0,Y,BRANCHED_Y,2,1
296,13,285555.023717,inf,0,0,Y,BRANCHED_Y,1,0
409,13,163087.364592,inf,0,2,Z(3),BRANCHED_Z,1,0
410,13,1430.928256,inf,0,3,Z(3),BRANCHED_Z,1,0
309,14,566713.982514,inf,0,3,Z(4),BRANCHED_Z,1,0
310,14,643379.116593,inf,0,4,Z(5),BRANCHED_Z,1,0
689,12,121971.078738,inf,0,0,Y,BRANCHED_Y,2,1
690,12,inf,inf,,,,INFEASIBLE,0,0
655,14,83478.985817,inf,0,0,Y,BRANCHED_Y,1,0
656,14,inf,inf,,,,INFEASIBLE,0,0
325,14,211658.065487,inf,0,2,Z(3),BRANCHED_Z,1,0
326,14,295063.238896,inf,0,4,Z(4),BRANCHED_Z,1,0
299,10,1357.177630,inf,0,4,Z(7),BRANCHED_Z,1,0
769,11,1357.177630,inf,0,8,Z(8),BRANCHED_Z,1,0
770,11,651352.088875,inf,0,0,Y,BRANCHED_Y,1,0
300,10,1382.252363,inf,0,0,Y,BRANCHED_Y,1,0
771,12,1397.198740,inf,0,0,Y,BRANCHED_Y,1,0
772,12,1361.552949,inf,0,5,Z(9),BRANCHED_Z,1,0
457,14,1406.366206,inf,0,3,Z(8),BRANCHED_Z,1,0
458,14,1371.452073,1371.452073,,,,NEW_INCUMBENT,1,0
419,11,1358.269109,1371.452073,0,4,Z(5),BRANCHED_Z,2,2
420,11,1383.585797,1371.452073,,,,PRUNED_BY_BOUND,1,0
783,12,1395.721351,1371.452073,,,,PRUNED_BY_BOUND,1,0
784,12,1389.459397,1371.452073,,,,PRUNED_BY_BOUND,2,2
715,14,1406.327048,1371.452073,,,,PRUNED_BY_BOUND,2,2
716,14,1434.055139,1371.452073,,,,PRUNED_BY_BOUND,1,0
533,15,138659.579263,1371.452073,,,,PRUNED_BY_BOUND,1,0
534,15,1431.185954,1371.452073,,,,PRUNED_BY_BOUND,2,1
305,13,321931.247646,1371.452073,,,,PRUNED_BY_BOUND,2,2
306,13,inf,1371.452073,,,,INFEASIBLE,0,0
317,11,1361.253345,1371.452073,0,8,Z(9),BRANCHED_Z,2,3
318,11,1361.253345,1371.452073,0,5,Z(5),BRANCHED_Z,1,0
785,12,133724.673620,1371.452073,,,,PRUNED_BY_BOUND,1,0
786,12,118082.138684,1371.452073,,,,PRUNED_BY_BOUND,1,0
787,12,1361.253345,1371.452073,0,5,Z(9),BRANCHED_Z,2,4
789,13,1366.874793,1371.452073,0,3,Z(9),BRANCHED_Z,1,0
790,13,inf,1371.452073,,,,INFEASIBLE,0,0
788,12,inf,1371.452073,,,,INFEASIBLE,0,0
329,13,1375.316362,1371.452073,,,,PRUNED_BY_BOUND,1,0
330,13,1390.451886,1371.452073,,,,PRUNED_BY_BOUND,1,0
779,13,1371.589143,1371.452073,,,,PRUNED_BY_BOUND,2,2
780,13,388756.264107,1371.452073,,,,PRUNED_BY_BOUND,1,0
313,12,1361.941260,1371.452073,0,4,Z(6),BRANCHED_Z,1,0
793,13,1361.941260,1371.452073,0,5,Z(6),BRANCHED_Z,1,0
794,13,716494.395826,1371.452073,,,,PRUNED_BY_BOUND,1,0
795,14,162166.895417,1371.452073,,,,PRUNED_BY_BOUND,1,0
796,14,93786.836257,1371.452073,,,,PRUNED_BY_BOUND,1,0
314,12,70508.446047,1371.452073,,,,PRUNED_BY_BOUND,1,0
629,11,1363.497207,1371.452073,0,6,Z(7),BRANCHED_Z,1,0
630,11,1440.094099,1371.452073,,,,PRUNED_BY_BOUND,1,0
797,12,1363.497207,1371.452073,0,8,Z(8),BRANCHED_Z,1,0
798,12,201388.016815,1371.452073,,,,PRUNED_BY_BOUND,1,0
799,13,1397.396859,1371.452073,,,,PRUNED_BY_BOUND,1,0
800,13,1382.945937,1371.452073,,,,PRUNED_BY_BOUND,1,0
659,15,79641.406392,1371.452073,,,,PRUNED_BY_BOUND,1,0
660,15,1437.229645,1371.452073,,,,PRUNED_BY_BOUND,2,1
355,10,70488.161392,1371.452073,,,,PRUNED_BY_BOUND,2,1
356,10,1437.152644,1371.452073,,,,PRUNED_BY_BOUND,2,2
665,12,1365.917867,1371.452073,0,4,Z(4),BRANCHED_Z,2,1
666,12,1404.896603,1371.452073,,,,PRUNED_BY_BOUND,1,0
801,13,346983.604692,1371.452073,,,,PRUNED_BY_BOUND,1,0
802,13,285569.291005,1371.452073,,,,PRUNED_BY_BOUND,1,0
333,10,1389.157697,1371.452073,,,,PRUNED_BY_BOUND,2,1
334,10,1405.009945,1371.452073,,,,PRUNED_BY_BOUND,1,0
791,14,236518.463711,1371.452073,,,,PRUNED_BY_BOUND,3,4
792,14,392533.414062,1371.452073,,,,PRUNED_BY_BOUND,1,0
597,15,66784.386089,1371.452073,,,,PRUNED_BY_BOUND,2,3
598,15,1441.895255,1371.452073,,,,PRUNED_BY_BOUND,2,2
585,11,4309.311277,1371.452073,,,,PRUNED_BY_BOUND,2,4
586,11,1448.648798,1371.452073,,,,PRUNED_BY_BOUND,1,0
561,17,166432.839249,1371.452073,,,,PRUNED_BY_BOUND,2,2
562,17,1398.243369,1371.452073,,,,PRUNED_BY_BOUND,2,1
349,13,242584.734443,1371.452073,,,,PRUNED_BY_BOUND,2,9
350,13,inf,1371.452073,,,,INFEASIBLE,0,0
485,15,4317.343042,1371.452073,,,,PRUNED_BY_BOUND,2,3
486,15,1443.098678,1371.452073,,,,PRUNED_BY_BOUND,2,2
535,15,54301.822054,1371.452073,,,,PRUNED_BY_BOUND,1,0
536,15,1449.897435,1371.452073,,,,PRUNED_BY_BOUND,1,0
375,12,70494.677061,1371.452073,,,,PRUNED_BY_BOUND,2,2
376,12,1443.668312,1371.452073,,,,PRUNED_BY_BOUND,2,1
383,14,1372.353358,1371.452073,,,,PRUNED_BY_BOUND,0,0
384,14,1372.353358,1371.452073,,,,PRUNED_BY_BOUND,0,0
711,13,1375.288171,1371.452073,,,,PRUNED_BY_BOUND,0,0
712,13,1375.288171,1371.452073,,,,PRUNED_BY_BOUND,0,0
363,14,1376.492695,1371.452073,,,,PRUNED_BY_BOUND,0,0
364,14,1376.492695,1371.452073,,,,PRUNED_BY_BOUND,0,0
669,13,1379.203010,1371.452073,,,,PRUNED_BY_BOUND,0,0
670,13,1379.203010,1371.452073,,,,PRUNED_BY_BOUND,0,0
613,12,1381.093462,1371.452073,,,,PRUNED_BY_BOUND,0,0
614,12,1381.093462,1371.452073,,,,PRUNED_BY_BOUND,0,0
775,11,1382.252363,1371.452073,,,,PRUNED_BY_BOUND,0,0
776,11,1382.252363,1371.452073,,,,PRUNED_BY_BOUND,0,0
747,14,1382.387201,1371.452073,,,,PRUNED_BY_BOUND,0,0
748,14,1382.387201,1371.452073,,,,PRUNED_BY_BOUND,0,0
633,11,1385.095121,1371.452073,,,,PRUNED_BY_BOUND,0,0
634,11,1385.095121,1371.452073,,,,PRUNED_BY_BOUND,0,0
387,10,1385.209566,1371.452073,,,,PRUNED_BY_BOUND,0,0
388,10,1385.209566,1371.452073,,,,PRUNED_BY_BOUND,0,0
743,16,1385.563261,1371.452073,,,,PRUNED_BY_BOUND,0,0
744,16,1385.563261,1371.452073,,,,PRUNED_BY_BOUND,0,0
391,11,1388.792036,1371.452073,,,,PRUNED_BY_BOUND,0,0
392,11,1388.792036,1371.452073,,,,PRUNED_BY_BOUND,0,0
417,11,1389.652155,1371.452073,,,,PRUNED_BY_BOUND,0,0
418,11,1389.652155,1371.452073,,,,PRUNED_BY_BOUND,0,0
445,14,1389.999461,1371.452073,,,,PRUNED_BY_BOUND,0,0
446,14,1389.999461,1371.452073,,,,PRUNED_BY_BOUND,0,0
433,11,1390.935398,1371.452073,,,,PRUNED_BY_BOUND,0,0
434,11,1390.935398,1371.452073,,,,PRUNED_BY_BOUND,0,0
453,14,1391.372832,1371.452073,,,,PRUNED_BY_BOUND,0,0
454,14,1391.372832,1371.452073,,,,PRUNED_BY_BOUND,0,0
489,15,1393.062277,1371.452073,,,,PRUNED_BY_BOUND,0,0
490,15,1393.062277,1371.452073,,,,PRUNED_BY_BOUND,0,0
493,12,1393.367933,1371.452073,,,,PRUNED_BY_BOUND,0,0
494,12,1393.367933,1371.452073,,,,PRUNED_BY_BOUND,0,0
469,15,1393.529617,1371.452073,,,,PRUNED_BY_BOUND,0,0
470,15,1393.529617,1371.452073,,,,PRUNED_BY_BOUND,0,0
501,13,1394.227329,1371.452073,,,,PRUNED_BY_BOUND,0,0
502,13,1394.227329,1371.452073,,,,PRUNED_BY_BOUND,0,0
505,16,1396.719481,1371.452073,,,,PRUNED_BY_BOUND,0,0
506,16,1396.719481,1371.452073,,,,PRUNED_BY_BOUND,0,0
777,13,1397.198740,1371.452073,,,,PRUNED_BY_BOUND,0,0
778,13,1397.198740,1371.452073,,,,PRUNED_BY_BOUND,0,0
661,11,1397.510634,1371.452073,,,,PRUNED_BY_BOUND,0,0
662,11,1397.510634,1371.452073,,,,PRUNED_BY_BOUND,0,0
739,14,1398.176878,1371.452073,,,,PRUNED_BY_BOUND,0,0
740,14,1398.176878,1371.452073,,,,PRUNED_BY_BOUND,0,0
539,15,1399.395701,1371.452073,,,,PRUNED_BY_BOUND,0,0
540,15,1399.395701,1371.452073,,,,PRUNED_BY_BOUND,0,0
555,16,1399.433886,1371.452073,,,,PRUNED_BY_BOUND,0,0
556,16,1399.433886,1371.452073,,,,PRUNED_BY_BOUND,0,0
519,11,1400.010991,1371.452073,,,,PRUNED_BY_BOUND,0,0
520,11,1400.010991,1371.452073,,,,PRUNED_BY_BOUND,0,0
573,16,1401.948188,1371.452073,,,,PRUNED_BY_BOUND,0,0
574,16,1401.948188,1371.452073,,,,PRUNED_BY_BOUND,0,0
577,12,1402.425202,1371.452073,,,,PRUNED_BY_BOUND,0,0
578,12,1402.425202,1371.452073,,,,PRUNED_BY_BOUND,0,0
565,16,1402.458517,1371.452073,,,,PRUNED_BY_BOUND,0,0
566,16,1402.458517,1371.452073,,,,PRUNED_BY_BOUND,0,0
625,13,1402.630109,1371.452073,,,,PRUNED_BY_BOUND,0,0
626,13,1402.630109,1371.452073,,,,PRUNED_BY_BOUND,0,0
551,16,1402.925857,1371.452073,,,,PRUNED_BY_BOUND,0,0
552,16,1402.925857,1371.452073,,,,PRUNED_BY_BOUND,0,0
745,15,1404.674543,1371.452073,,,,PRUNED_BY_BOUND,0,0
746,15,1404.674543,1371.452073,,,,PRUNED_BY_BOUND,0,0
569,15,1404.945054,1371.452073,,,,PRUNED_BY_BOUND,0,0
570,15,1404.945054,1371.452073,,,,PRUNED_BY_BOUND,0,0
603,17,1406.115721,1371.452073,,,,PRUNED_BY_BOUND,0,0
604,17,1406.115721,1371.452073,,,,PRUNED_BY_BOUND,0,0
607,13,1406.264223,1371.452073,,,,PRUNED_BY_BOUND,0,0
608,13,1406.264223,1371.452073,,,,PRUNED_BY_BOUND,0,0
781,15,1406.366206,1371.452073,,,,PRUNED_BY_BOUND,0,0
782,15,1406.366206,1371.452073,,,,PRUNED_BY_BOUND,0,0
617,17,1408.216263,1371.452073,,,,PRUNED_BY_BOUND,0,0
618,17,1408.216263,1371.452073,,,,PRUNED_BY_BOUND,0,0
591,11,1408.603940,1371.452073,,,,PRUNED_BY_BOUND,0,0
592,11,1408.603940,1371.452073,,,,PRUNED_BY_BOUND,0,0
621,11,1412.858663,1371.452073,,,,PRUNED_BY_BOUND,0,0
622,11,1412.858663,1371.452073,,,,PRUNED_BY_BOUND,0,0
681,11,1414.215412,1371.452073,,,,PRUNED_BY_BOUND,0,0
682,11,1414.215412,1371.452073,,,,PRUNED_BY_BOUND,0,0
693,12,1415.555663,1371.452073,,,,PRUNED_BY_BOUND,0,0
694,12,1415.555663,1371.452073,,,,PRUNED_BY_BOUND,0,0
277,11,1415.646863,1371.452073,,,,PRUNED_BY_BOUND,0,0
278,11,1415.646863,1371.452073,,,,PRUNED_BY_BOUND,0,0
637,13,1417.202401,1371.452073,,,,PRUNED_BY_BOUND,0,0
638,13,1417.202401,1371.452073,,,,PRUNED_BY_BOUND,0,0
641,12,1417.202401,1371.452073,,,,PRUNED_BY_BOUND,0,0
642,12,1417.202401,1371.452073,,,,PRUNED_BY_BOUND,0,0
673,13,1417.343124,1371.452073,,,,PRUNED_BY_BOUND,0,0
674,13,1417.343124,1371.452073,,,,PRUNED_BY_BOUND,0,0
723,13,1419.633893,1371.452073,,,,PRUNED_BY_BOUND,0,0
724,13,1419.633893,1371.452073,,,,PRUNED_BY_BOUND,0,0
645,12,1420.043837,1371.452073,,,,PRUNED_BY_BOUND,0,0
646,12,1420.043837,1371.452073,,,,PRUNED_BY_BOUND,0,0
733,13,1425.507188,1371.452073,,,,PRUNED_BY_BOUND,0,0
734,13,1425.507188,1371.452073,,,,PRUNED_BY_BOUND,0,0
755,14,1430.928256,1371.452073,,,,PRUNED_BY_BOUND,0,0
756,14,1430.928256,1371.452073,,,,PRUNED_BY_BOUND,0,0
719,14,1495.244003,1371.452073,,,,PRUNED_BY_BOUND,0,0
720,14,1495.244003,1371.452073,,,,PRUNED_BY_BOUND,0,0
185,11,4243.029915,1371.452073,,,,PRUNED_BY_BOUND,0,0
186,11,4243.029915,1371.452073,,,,PRUNED_BY_BOUND,0,0
653,13,4330.986090,1371.452073,,,,PRUNED_BY_BOUND,0,0
654,13,4330.986090,1371.452073,,,,PRUNED_BY_BOUND,0,0
527,12,4337.501758,1371.452073,,,,PRUNED_BY_BOUND,0,0
528,12,4337.501758,1371.452073,,,,PRUNED_BY_BOUND,0,0
149,11,10062.848274,1371.452073,,,,PRUNED_BY_BOUND,0,0
150,11,10062.848274,1371.452073,,,,PRUNED_BY_BOUND,0,0
203,10,10083.837020,1371.452073,,,,PRUNED_BY_BOUND,0,0
204,10,10083.837020,1371.452073,,,,PRUNED_BY_BOUND,0,0
619,11,10154.846099,1371.452073,,,,PRUNED_BY_BOUND,0,0
620,11,10154.846099,1371.452073,,,,PRUNED_BY_BOUND,0,0
643,12,10162.031273,1371.452073,,,,PRUNED_BY_BOUND,0,0
644,12,10162.031273,1371.452073,,,,PRUNED_BY_BOUND,0,0
441,13,10225.523321,1371.452073,,,,PRUNED_BY_BOUND,0,0
442,13,10225.523321,1371.452073,,,,PRUNED_BY_BOUND,0,0
423,12,33704.387061,1371.452073,,,,PRUNED_BY_BOUND,0,0
424,12,33704.387061,1371.452073,,,,PRUNED_BY_BOUND,0,0
389,11,36596.741781,1371.452073,,,,PRUNED_BY_BOUND,0,0
390,11,36596.741781,1371.452073,,,,PRUNED_BY_BOUND,0,0
705,12,36775.229867,1371.452073,,,,PRUNED_BY_BOUND,0,0
706,12,36775.229867,1371.452073,,,,PRUNED_BY_BOUND,0,0
303,13,39454.581080,1371.452073,,,,PRUNED_BY_BOUND,0,0
304,13,39454.581080,1371.452073,,,,PRUNED_BY_BOUND,0,0
601,17,42289.782630,1371.452073,,,,PRUNED_BY_BOUND,0,0
602,17,42289.782630,1371.452073,,,,PRUNED_BY_BOUND,0,0
59,7,42376.360272,1371.452073,,,,PRUNED_BY_BOUND,0,0
60,7,42376.360272,1371.452073,,,,PRUNED_BY_BOUND,0,0
107,8,42424.058511,1371.452073,,,,PRUNED_BY_BOUND,0,0
108,8,42424.058511,1371.452073,,,,PRUNED_BY_BOUND,0,0
503,16,52833.153785,1371.452073,,,,PRUNED_BY_BOUND,0,0
504,16,52833.153785,1371.452073,,,,PRUNED_BY_BOUND,0,0
311,12,54213.865878,1371.452073,,,,PRUNED_BY_BOUND,0,0
312,12,54213.865878,1371.452073,,,,PRUNED_BY_BOUND,0,0
39,6,59987.018127,1371.452073,,,,PRUNED_BY_BOUND,0,0
40,6,59987.018127,1371.452073,,,,PRUNED_BY_BOUND,0,0
567,15,60163.720039,1371.452073,,,,PRUNED_BY_BOUND,0,0
568,15,60163.720039,1371.452073,,,,PRUNED_BY_BOUND,0,0
499,13,70445.236078,1371.452073,,,,PRUNED_BY_BOUND,0,0
500,13,70445.236078,1371.452073,,,,PRUNED_BY_BOUND,0,0
337,11,70456.018693,1371.452073,,,,PRUNED_BY_BOUND,0,0
338,11,70456.018693,1371.452073,,,,PRUNED_BY_BOUND,0,0
679,11,70465.224160,1371.452073,,,,PRUNED_BY_BOUND,0,0
680,11,70465.224160,1371.452073,,,,PRUNED_BY_BOUND,0,0
611,14,70495.348636,1371.452073,,,,PRUNED_BY_BOUND,0,0
612,14,70495.348636,1371.452073,,,,PRUNED_BY_BOUND,0,0
289,17,79553.450217,1371.452073,,,,PRUNED_BY_BOUND,0,0
290,17,79553.450217,1371.452073,,,,PRUNED_BY_BOUND,0,0
307,14,79559.196038,1371.452073,,,,PRUNED_BY_BOUND,0,0
308,14,79559.196038,1371.452073,,,,PRUNED_BY_BOUND,0,0
197,15,83391.029642,1371.452073,,,,PRUNED_BY_BOUND,0,0
198,15,83391.029642,1371.452073,,,,PRUNED_BY_BOUND,0,0
763,15,83478.985817,1371.452073,,,,PRUNED_BY_BOUND,0,0
764,15,83478.985817,1371.452073,,,,PRUNED_BY_BOUND,0,0
671,13,83675.892531,1371.452073,,,,PRUNED_BY_BOUND,0,0
672,13,83675.892531,1371.452073,,,,PRUNED_BY_BOUND,0,0
15,5,86404.170198,1371.452073,,,,PRUNED_BY_BOUND,0,0
16,5,86404.170198,1371.452073,,,,PRUNED_BY_BOUND,0,0
153,9,86589.528183,1371.452073,,,,PRUNED_BY_BOUND,0,0
154,9,86589.528183,1371.452073,,,,PRUNED_BY_BOUND,0,0
477,16,90770.244434,1371.452073,,,,PRUNED_BY_BOUND,0,0
478,16,90770.244434,1371.452073,,,,PRUNED_BY_BOUND,0,0
559,17,90779.640674,1371.452073,,,,PRUNED_BY_BOUND,0,0
560,17,90779.640674,1371.452073,,,,PRUNED_BY_BOUND,0,0
347,13,101475.217690,1371.452073,,,,PRUNED_BY_BOUND,0,0
348,13,101475.217690,1371.452073,,,,PRUNED_BY_BOUND,0,0
179,10,104179.885867,1371.452073,,,,PRUNED_BY_BOUND,0,0
180,10,104179.885867,1371.452073,,,,PRUNED_BY_BOUND,0,0
589,11,104251.790699,1371.452073,,,,PRUNED_BY_BOUND,0,0
590,11,104251.790699,1371.452073,,,,PRUNED_BY_BOUND,0,0
615,17,105640.049670,1371.452073,,,,PRUNED_BY_BOUND,0,0
616,17,105640.049670,1371.452073,,,,PRUNED_BY_BOUND,0,0
605,13,105814.077318,1371.452073,,,,PRUNED_BY_BOUND,0,0
606,13,105814.077318,1371.452073,,,,PRUNED_BY_BOUND,0,0
403,12,111654.313065,1371.452073,,,,PRUNED_BY_BOUND,0,0
404,12,111654.313065,1371.452073,,,,PRUNED_BY_BOUND,0,0
227,11,121612.875977,1371.452073,,,,PRUNED_BY_BOUND,0,0
228,11,121612.875977,1371.452073,,,,PRUNED_BY_BOUND,0,0
27,5,121714.783313,1371.452073,,,,PRUNED_BY_BOUND,0,0
28,5,121714.783313,1371.452073,,,,PRUNED_BY_BOUND,0,0
51,7,121778.350836,1371.452073,,,,PRUNED_BY_BOUND,0,0
52,7,121778.350836,1371.452073,,,,PRUNED_BY_BOUND,0,0
67,7,121785.926074,1371.452073,,,,PRUNED_BY_BOUND,0,0
68,7,121785.926074,1371.452073,,,,PRUNED_BY_BOUND,0,0
79,7,121796.397355,1371.452073,,,,PRUNED_BY_BOUND,0,0
80,7,121796.397355,1371.452073,,,,PRUNED_BY_BOUND,0,0
761,13,121971.078738,1371.452073,,,,PRUNED_BY_BOUND,0,0
762,13,121971.078738,1371.452073,,,,PRUNED_BY_BOUND,0,0
323,14,133348.892477,1371.452073,,,,PRUNED_BY_BOUND,0,0
324,14,133348.892477,1371.452073,,,,PRUNED_BY_BOUND,0,0
315,11,133611.064892,1371.452073,,,,PRUNED_BY_BOUND,0,0
316,11,133611.064892,1371.452073,,,,PRUNED_BY_BOUND,0,0
623,13,134470.503175,1371.452073,,,,PRUNED_BY_BOUND,0,0
624,13,134470.503175,1371.452073,,,,PRUNED_BY_BOUND,0,0
371,11,142444.327124,1371.452073,,,,PRUNED_BY_BOUND,0,0
372,11,142444.327124,1371.452073,,,,PRUNED_BY_BOUND,0,0
491,12,160109.141790,1371.452073,,,,PRUNED_BY_BOUND,0,0
492,12,160109.141790,1371.452073,,,,PRUNED_BY_BOUND,0,0
137,11,162972.348576,1371.452073,,,,PRUNED_BY_BOUND,0,0
138,11,162972.348576,1371.452073,,,,PRUNED_BY_BOUND,0,0
753,14,163087.364592,1371.452073,,,,PRUNED_BY_BOUND,0,0
754,14,163087.364592,1371.452073,,,,PRUNED_BY_BOUND,0,0
3,2,171683.218316,1371.452073,,,,PRUNED_BY_BOUND,0,0
4,2,171683.218316,1371.452073,,,,PRUNED_BY_BOUND,0,0
721,13,181385.950143,1371.452073,,,,PRUNED_BY_BOUND,0,0
722,13,181385.950143,1371.452073,,,,PRUNED_BY_BOUND,0,0
451,14,192454.433956,1371.452073,,,,PRUNED_BY_BOUND,0,0
452,14,192454.433956,1371.452073,,,,PRUNED_BY_BOUND,0,0
609,14,194313.260931,1371.452073,,,,PRUNED_BY_BOUND,0,0
610,14,194313.260931,1371.452073,,,,PRUNED_BY_BOUND,0,0
359,11,201288.566776,1371.452073,,,,PRUNED_BY_BOUND,0,0
360,11,201288.566776,1371.452073,,,,PRUNED_BY_BOUND,0,0
547,13,201319.677237,1371.452073,,,,PRUNED_BY_BOUND,0,0
548,13,201319.677237,1371.452073,,,,PRUNED_BY_BOUND,0,0
765,15,211658.065487,1371.452073,,,,PRUNED_BY_BOUND,0,0
766,15,211658.065487,1371.452073,,,,PRUNED_BY_BOUND,0,0
115,9,212966.077144,1371.452073,,,,PRUNED_BY_BOUND,0,0
116,9,212966.077144,1371.452073,,,,PRUNED_BY_BOUND,0,0
141,9,212983.268554,1371.452073,,,,PRUNED_BY_BOUND,0,0
142,9,212983.268554,1371.452073,,,,PRUNED_BY_BOUND,0,0
497,12,216424.974071,1371.452073,,,,PRUNED_BY_BOUND,0,0
498,12,216424.974071,1371.452073,,,,PRUNED_BY_BOUND,0,0
91,8,221788.178912,1371.452073,,,,PRUNED_BY_BOUND,0,0
92,8,221788.178912,1371.452073,,,,PRUNED_BY_BOUND,0,0
381,14,223598.131360,1371.452073,,,,PRUNED_BY_BOUND,0,0
382,14,223598.131360,1371.452073,,,,PRUNED_BY_BOUND,0,0
695,15,238113.718568,1371.452073,,,,PRUNED_BY_BOUND,0,0
696,15,238113.718568,1371.452073,,,,PRUNED_BY_BOUND,0,0
427,13,283533.574156,1371.452073,,,,PRUNED_BY_BOUND,0,0
428,13,283533.574156,1371.452073,,,,PRUNED_BY_BOUND,0,0
481,12,285521.678440,1371.452073,,,,PRUNED_BY_BOUND,0,0
482,12,285521.678440,1371.452073,,,,PRUNED_BY_BOUND,0,0
413,13,285527.057057,1371.452073,,,,PRUNED_BY_BOUND,0,0
414,13,285527.057057,1371.452073,,,,PRUNED_BY_BOUND,0,0
701,14,285549.277896,1371.452073,,,,PRUNED_BY_BOUND,0,0
702,14,285549.277896,1371.452073,,,,PRUNED_BY_BOUND,0,0
751,14,285555.023717,1371.452073,,,,PRUNED_BY_BOUND,0,0
752,14,285555.023717,1371.452073,,,,PRUNED_BY_BOUND,0,0
259,15,290708.886777,1371.452073,,,,PRUNED_BY_BOUND,0,0
260,15,290708.886777,1371.452073,,,,PRUNED_BY_BOUND,0,0
697,15,290790.550070,1371.452073,,,,PRUNED_BY_BOUND,0,0
698,15,290790.550070,1371.452073,,,,PRUNED_BY_BOUND,0,0
767,15,295063.238896,1371.452073,,,,PRUNED_BY_BOUND,0,0
768,15,295063.238896,1371.452073,,,,PRUNED_BY_BOUND,0,0
459,12,321877.579197,1371.452073,,,,PRUNED_BY_BOUND,0,0
460,12,321877.579197,1371.452073,,,,PRUNED_BY_BOUND,0,0
495,12,321895.083136,1371.452073,,,,PRUNED_BY_BOUND,0,0
496,12,321895.083136,1371.452073,,,,PRUNED_BY_BOUND,0,0
465,14,321918.963634,1371.452073,,,,PRUNED_BY_BOUND,0,0
466,14,321918.963634,1371.452073,,,,PRUNED_BY_BOUND,0,0
543,15,321928.359875,1371.452073,,,,PRUNED_BY_BOUND,0,0
544,15,321928.359875,1371.452073,,,,PRUNED_BY_BOUND,0,0
411,13,346935.243242,1371.452073,,,,PRUNED_BY_BOUND,0,0
412,13,346935.243242,1371.452073,,,,PRUNED_BY_BOUND,0,0
479,12,346940.693400,1371.452073,,,,PRUNED_BY_BOUND,0,0
480,12,346940.693400,1371.452073,,,,PRUNED_BY_BOUND,0,0
699,14,346970.069124,1371.452073,,,,PRUNED_BY_BOUND,0,0
700,14,346970.069124,1371.452073,,,,PRUNED_BY_BOUND,0,0
749,14,346975.834668,1371.452073,,,,PRUNED_BY_BOUND,0,0
750,14,346975.834668,1371.452073,,,,PRUNED_BY_BOUND,0,0
649,14,347056.518800,1371.452073,,,,PRUNED_BY_BOUND,0,0
650,14,347056.518800,1371.452073,,,,PRUNED_BY_BOUND,0,0
461,12,373960.321757,1371.452073,,,,PRUNED_BY_BOUND,0,0
462,12,373960.321757,1371.452073,,,,PRUNED_BY_BOUND,0,0
35,6,395203.675545,1371.452073,,,,PRUNED_BY_BOUND,0,0
36,6,395203.675545,1371.452073,,,,PRUNED_BY_BOUND,0,0
99,8,557020.384924,1371.452073,,,,PRUNED_BY_BOUND,0,0
100,8,557020.384924,1371.452073,,,,PRUNED_BY_BOUND,0,0
735,18,566708.216970,1371.452073,,,,PRUNED_BY_BOUND,0,0
736,18,566708.216970,1371.452073,,,,PRUNED_BY_BOUND,0,0
757,15,566713.982514,1371.452073,,,,PRUNED_BY_BOUND,0,0
758,15,566713.982514,1371.452073,,,,PRUNED_BY_BOUND,0,0
257,15,571809.952263,1371.452073,,,,PRUNED_BY_BOUND,0,0
258,15,571809.952263,1371.452073,,,,PRUNED_BY_BOUND,0,0
475,16,571859.393245,1371.452073,,,,PRUNED_BY_BOUND,0,0
476,16,571859.393245,1371.452073,,,,PRUNED_BY_BOUND,0,0
43,6,601034.787155,1371.452073,,,,PRUNED_BY_BOUND,0,0
44,6,601034.787155,1371.452073,,,,PRUNED_BY_BOUND,0,0
55,6,601047.734959,1371.452073,,,,PRUNED_BY_BOUND,0,0
56,6,601047.734959,1371.452073,,,,PRUNED_BY_BOUND,0,0
63,6,601062.308080,1371.452073,,,,PRUNED_BY_BOUND,0,0
64,6,601062.308080,1371.452073,,,,PRUNED_BY_BOUND,0,0
71,7,601086.115657,1371.452073,,,,PRUNED_BY_BOUND,0,0
72,7,601086.115657,1371.452073,,,,PRUNED_BY_BOUND,0,0
207,8,601106.020503,1371.452073,,,,PRUNED_BY_BOUND,0,0
208,8,601106.020503,1371.452073,,,,PRUNED_BY_BOUND,0,0
319,9,601134.029829,1371.452073,,,,PRUNED_BY_BOUND,0,0
320,9,601134.029829,1371.452073,,,,PRUNED_BY_BOUND,0,0
675,14,601265.385099,1371.452073,,,,PRUNED_BY_BOUND,0,0
676,14,601265.385099,1371.452073,,,,PRUNED_BY_BOUND,0,0
557,17,621895.900272,1371.452073,,,,PRUNED_BY_BOUND,0,0
558,17,621895.900272,1371.452073,,,,PRUNED_BY_BOUND,0,0
737,18,643373.370772,1371.452073,,,,PRUNED_BY_BOUND,0,0
738,18,643373.370772,1371.452073,,,,PRUNED_BY_BOUND,0,0
759,15,643379.116593,1371.452073,,,,PRUNED_BY_BOUND,0,0
760,15,643379.116593,1371.452073,,,,PRUNED_BY_BOUND,0,0
773,12,651352.088875,1371.452073,,,,PRUNED_BY_BOUND,0,0
774,12,651352.088875,1371.452073,,,,PRUNED_BY_BOUND,0,0
741,14,658713.132535,1371.452073,,,,PRUNED_BY_BOUND,0,0
742,14,658713.132535,1371.452073,,,,PRUNED_BY_BOUND,0,0
729,15,666114.046200,1371.452073,,,,PRUNED_BY_BOUND,0,0
730,15,666114.046200,1371.452073,,,,PRUNED_BY_BOUND,0,0
531,14,669521.996299,1371.452073,,,,PRUNED_BY_BOUND,0,0
532,14,669521.996299,1371.452073,,,,PRUNED_BY_BOUND,0,0
215,9,792235.902269,1371.452073,,,,PRUNED_BY_BOUND,0,0
216,9,792235.902269,1371.452073,,,,PRUNED_BY_BOUND,0,0
83,7,836307.465903,1371.452073,,,,PRUNED_BY_BOUND,0,0
84,7,836307.465903,1371.452073,,,,PRUNED_BY_BOUND,0,0
279,9,933394.759077,1371.452073,,,,PRUNED_BY_BOUND,0,0
280,9,933394.759077,1371.452073,,,,PRUNED_BY_BOUND,0,0
193,13,1001127.917872,1371.452073,,,,PRUNED_BY_BOUND,0,0
194,13,1001127.917872,1371.452073,,,,PRUNED_BY_BOUND,0,0
189,12,1001181.099541,1371.452073,,,,PRUNED_BY_BOUND,0,0
190,12,1001181.099541,1371.452073,,,,PRUNED_BY_BOUND,0,0
685,13,1001191.782886,1371.452073,,,,PRUNED_BY_BOUND,0,0
686,13,1001191.782886,1371.452073,,,,PRUNED_BY_BOUND,0,0
595,14,1001256.787083,1371.452073,,,,PRUNED_BY_BOUND,0,0
596,14,1001256.787083,1371.452073,,,,PRUNED_BY_BOUND,0,0
713,13,1001279.039686,1371.452073,,,,PRUNED_BY_BOUND,0,0
714,13,1001279.039686,1371.452073,,,,PRUNED_BY_BOUND,0,0
367,15,1001290.446683,1371.452073,,,,PRUNED_BY_BOUND,0,0
368,15,1001290.446683,1371.452073,,,,PRUNED_BY_BOUND,0,0
727,15,1001380.200693,1371.452073,,,,PRUNED_BY_BOUND,0,0
728,15,1001380.200693,1371.452073,,,,PRUNED_BY_BOUND,0,0
599,15,1201225.540778,1371.452073,,,,PRUNED_BY_BOUND,0,0
600,15,1201225.540778,1371.452073,,,,PRUNED_BY_BOUND,0,0
